email,email,email,phone,phone,phone,madid,fn,ln,zip,ct,st,country,dob,doby,gen,age,uid,value
Andrea@PalmBeachK9Pro.com,Andrea@PalmBeachK9Repro.com,,(954) 304-5822,,,,,,33432,Boca Raton,Florida,US,,,,,,
info@falconk9protection.com,,,(561) 921-7232,,,,,,33436,Boynton Beach,Florida,US,,,,,,
example@mysite.com,info@worldclasscavaliers.com,,(305) 527-5511,,,,,,33142,Miami,Florida,US,,,,,,
info@lovehomefrenchies.com,,,(812) 208-0700,,,,,,33147,Miami,Florida,US,,,,,,
vonflgs@gmail.com,,,(786) 916-9476,,,,,,33165,Miami,Florida,US,,,,,,
info@bestcattledogpuppies.com,,,(989) 990-1775,,,,,,85004,Phoenix,Arizona,US,,,,,,
info@titancanecorsopuppiesforsale.com,,,,,,,,,85003,Phoenix,Arizona,US,,,,,,
info@indiantypefoundry.com,lemonad@jovanny.ru,Wonderfurpups@gmail.com,,,,,,,85012,Phoenix,Arizona,US,,,,,,
info@healthypoodlepuppies.com,,,(912) 873-7794,,,,,,85043,Phoenix,Arizona,US,,,,,,
typesetit@att.net,filler@godaddy.com,grandcanyonbernedoodles@gmail.com,(480) 228-9318,,,,,,85345,Peoria,Arizona,US,,,,,,
MILLSFAMILYFARM94@GMAIL.COM,,,(903) 640-3805,,,,,,75438,Dodd City,Texas,US,,,,,,
wcchihuahuas@gmail.com,,,,,,,,,33162,Miami,Florida,US,,,,,,
info@fancypetsplanet.com,,,(786) 833-1403,,,,,,33180,Miami,Florida,US,,,,,,
puppylovepetshop1@gmail.com,,,(954) 706-1152,,,,,,33028,Pembroke Pines,Florida,US,,,,,,
dbohler@gmail.com,partioverhere@gmail.com,info@sunshinepartiyorkies.com,(954) 558-6231,,,,,,33024,Pembroke Pines,Florida,US,,,,,,
epicpuppiesmiami@gmail.com,,,(786) 717-6477,,,,,,33155,Miami,Florida,US,,,,,,
support@cutestpuppiesforsale.com,,,(717) 514-3835,,,,,,10038,New York,New York,US,,,,,,
Info@elizabethcherryfamily.com,,,,,,,,,10038,New York,New York,US,,,,,,
info@ethicalfrenchie.com,,,(212) 739-0182,,,,,,10004,New York,New York,US,,,,,,
contact@honesttpet.com,,,(619) 483-1046,,,,,,10014,New York,New York,US,,,,,,
info@coastalfrenchbulldog.com,,,,,,,,,10002,New York,New York,US,,,,,,
impallari@gmail.com,dave@lab6.com,contact@sansoxygen.com,,,,,,,84790,St. George,Utah,US,,,,,,
Jrfarmsgoldens@gmail.com,,,(801) 867-6006,,,,,,84737,Hurricane,Utah,US,,,,,,
canterburycanines@gmail.com,,,(801) 310-8493,,,,,,84005,Eagle Mountain,Utah,US,,,,,,
saltandsnowpups@gmail.com,,,,,,,,,84074,Tooele,Utah,US,,,,,,
example@mysite.com,highdeserthoundsut@gmail.com,,(808) 282-3191,,,,,,84021,Duchesne,Utah,US,,,,,,
frostedgoldendoodles@gmail.com,,,(435) 632-8355,,,,,,84790,St. George,Utah,US,,,,,,
Luxipawspoodlesanddoodles@gmail.com,,,(435) 212-4704,,,,,,84770,St. George,Utah,US,,,,,,
skynicpomskies@gmail.com,,,,,,,,,84729,Glendale,Utah,US,,,,,,
brycecanyonkennel@gmail.com,,,(435) 616-8966,,,,,,84776,Tropic,Utah,US,,,,,,
john@doe.com,scott@seviergoldenretrievers.com,,(435) 633-5181,,,,,,84654,Salina,Utah,US,,,,,,
puppies@countrydoxies.com,,,(702) 798-3660,,,,,,84720,Cedar City,Utah,US,,,,,,
lacy@jojoschnauzers.com,carli@jojoschnauzers.com,,(435) 231-4277,,,,,,84725,Enterprise,Utah,US,,,,,,
fawndynastybullies@gmail.com,support@webador.com,,(347) 362-3510,,,,,,11416,Ozone Park,New York,US,,,,,,
pachecokennels@gmail.com,PachecoKennels@gmail.com,info@mysite.com,(508) 254-8444,,,,,,2767,Raynham,Massachusetts,US,,,,,,
kdjdedgd@aol.com,,,(603) 434-7945,,,,,,3053,Londonderry,New Hampshire,US,,,,,,
droach@justbehaving.com,,,(978) 504-1582,,,,,,1969,Rowley,Massachusetts,US,,,,,,
genglish@gundogsonline.com,,,(203) 518-0549,,,,,,6478,Oxford,Connecticut,US,,,,,,
email@emailaddress.com,website@mywork.com,Vatuvite@aol.com,(207) 615-3377,,,,,,4074,Scarborough,Maine,US,,,,,,
Jcdame1022@gmail.com,,,(401) 808-0330,,,,,,2825,Foster,Rhode Island,US,,,,,,
blackpawsgermanshepherds@yahoo.com,,,(603) 588-4046,,,,,,3440,Antrim,New Hampshire,US,,,,,,
mail@iginomarini.com,hi@typemade.mx,impallari@gmail.com,(603) 845-6338,,,,,,3038,Derry,New Hampshire,US,,,,,,
olympiaGSD@msn.com,,,(603) 887-2391,,,,,,3036,Chester,New Hampshire,US,,,,,,
massredrockkennel@gmail.com,,,(508) 344-3837,,,,,,1301,Greenfield,Massachusetts,US,,,,,,
micah@micahrich.com,Info@crownroyalkennels.com,info@CrownRoyalKennels.com,(860) 992-3454,,,,,,6118,East Hartford,Connecticut,US,,,,,,
bjnj17@verizon.net,,,(508) 971-3337,,,,,,2743,Acushnet,Massachusetts,US,,,,,,
contact@cheyennefarmkennel.com,amkryukov@gmail.com,littlebitt46@yahoo.com,(401) 377-8171,,,,,,2808,Bradford,Rhode Island,US,,,,,,
bret@hampshirekennels.net,info@hampshirekennels.net,,(603) 496-2790,,,,,,3221,Bradford,New Hampshire,US,,,,,,
kim@bichonsoffiskdale.com,Kim@bichonsoffiskdale.com,,(413) 544-0692,,,,,,1081,Wales,Massachusetts,US,,,,,,
astigma@astigmatic.com,,,(603) 532-7557,,,,,,3452,Jaffrey,New Hampshire,US,,,,,,
cj@k9one.com,report@k9one.com,,(860) 491-2202,,,,,,6756,Goshen,Connecticut,US,,,,,,
vonhenackennel@gmail.com,,,(603) 746-2465,,,,,,3303,Webster,New Hampshire,US,,,,,,
Brooksidecavalier@gmail.com,,,(978) 526-7754,,,,,,1969,Rowley,Massachusetts,US,,,,,,
info@excaliburlabradors.com,,,(508) 951-3179,,,,,,2743,Acushnet,Massachusetts,US,,,,,,
filler@godaddy.com,anapbm@gmail.com,team@latofonts.com,(978) 270-9200,,,,,,1913,Amesbury,Massachusetts,US,,,,,,
admin@aboutbeaucerons.com,,,(508) 543-6528,,,,,,2035,Foxborough,Massachusetts,US,,,,,,
ladyzazzj@aol.com,,,(845) 418-8706,,,,,,12581,Stanfordville,New York,US,,,,,,
hi@mystore.com,,,(833) 378-5902,,,,,,99901,Ketchikan,Alaska,US,,,,,,
Contact@bernesemountainforsale.com,contact@bernesemountainforsale.com,,(609) 539-2358,,,,,,99610,Kasilof,Alaska,US,,,,,,
MartiniukAlaska@Gmail.com,martiniukalaska@gmail.com,,(907) 764-8978,,,,,,99780,Tok,Alaska,US,,,,,,
Jennifer@vomkugelblitz.com,FocusedCanineTraining@gmail.com,,(845) 399-1598,,,,,,12414,Catskill,New York,US,,,,,,
info@monadnockbreeders.com,,,(603) 465-1346,,,,,,3071,New Ipswich,New Hampshire,US,,,,,,
holly@royalflushhavanese.com,,,(401) 864-3371,,,,,,2813,Charlestown,Rhode Island,US,,,,,,
babblingbrookfarm@msn.com,,,(401) 397-4871,,,,,,2825,Foster,Rhode Island,US,,,,,,
Clarkd435@cs.com,,,(603) 247-4764,,,,,,3841,Hampstead,New Hampshire,US,,,,,,
patchskindredk9@gmail.com,,,(603) 585-6881,,,,,,3447,Fitzwilliam,New Hampshire,US,,,,,,
info@ctbreeder.com,,,(860) 552-6111,,,,,,6111,Newington,Connecticut,US,,,,,,
info@indiantypefoundry.com,,,(518) 885-5379,,,,,,12020,Ballston Spa,New York,US,,,,,,
universal.pet.home77@gmail.com,example@mysite.com,,(325) 267-7463,,,,,,10583,Scarsdale,New York,US,,,,,,
info@nybreeder.com,info@NYBreeder.com,,(914) 949-7877,,,,,,10607,White Plains,New York,US,,,,,,
info@puregoldenkennel.com,milnerjames890@gmail.com,,(251) 536-7389,,,,,,1760,Natick,Massachusetts,US,,,,,,
beth@puppypinups.com,,,(860) 608-4868,,,,,,6389,Yantic,Connecticut,US,,,,,,
info@3dpetsprosthetics.com,,,(973) 658-4620,,,,,,7403,Bloomingdale,New Jersey,US,,,,,,
wapackpups@gmail.com,,,(351) 201-6242,,,,,,1430,Ashburnham,Massachusetts,US,,,,,,
shadowspromiseraw@gmail.com,,,(203) 233-3117,,,,,,6478,Oxford,Connecticut,US,,,,,,
themuddydogfarm@gmail.com,filler@godaddy.com,agustinamingote@gmail.com,(603) 493-6511,,,,,,3253,Meredith,New Hampshire,US,,,,,,
karen@highmeadow.farm,,,(508) 451-4519,,,,,,1462,Lunenburg,Massachusetts,US,,,,,,
eriksonenterprises@comcast.net,,,(508) 335-5325,,,,,,2360,Plymouth,Massachusetts,US,,,,,,
grooming@topnotchpaws.com,puppies@topnotchpaws.com,,(413) 287-8708,,,,,,1071,Russell,Massachusetts,US,,,,,,
NFyorkies@gmail.com,nfyorkies@gmail.com,,(978) 996-7831,,,,,,1852,Lowell,Massachusetts,US,,,,,,
laurasdanesanddoodles@gmail.com,Laurasdanesanddoodles@gmail.com,,(860) 859-7537,,,,,,6331,Canterbury,Connecticut,US,,,,,,
puppies@bluedoglabsnh.com,,,(603) 417-4770,,,,,,3057,Mont Vernon,New Hampshire,US,,,,,,
micah@micahrich.com,Northeastpoodleanddoodle@gmail.com,,,,,,,,3254,Moultonborough,New Hampshire,US,,,,,,
doginfo@westchesterk-9.com,angelwynd7@aol.com,,(845) 635-9609,,,,,,12569,Pleasant Valley,New York,US,,,,,,
example@mysite.com,delilah4455@gmail.com,,(781) 654-7021,,,,,,3076,Pelham,New Hampshire,US,,,,,,
sarah@pmpuppies.com,,,(413) 441-6056,,,,,,1237,Lanesborough,Massachusetts,US,,,,,,
info@wagontailsfarm.com,,,(207) 373-3400,,,,,,4086,Topsham,Maine,US,,,,,,
info@wildriverkennels.com,,,(401) 256-2285,,,,,,2808,Bradford,Rhode Island,US,,,,,,
impallari@gmail.com,team@latofonts.com,,(603) 842-0862,,,,,,3042,Epping,New Hampshire,US,,,,,,
lancaster@boogiespups.com,grapevine@boogiespups.com,,(817) 809-7557,,,,,,76051,Grapevine,Texas,US,,,,,,
support@dirtydogfarm.com,,,(518) 660-7824,,,,,,12526,Germantown,New York,US,,,,,,
info@indiantypefoundry.com,,,(603) 818-2790,,,,,,3865,Plaistow,New Hampshire,US,,,,,,
info@poeticfrenchbulldogs.com,poeticfrenchbulldogs@outlook.com,,(954) 933-6521,,,,,,2116,Boston,Massachusetts,US,,,,,,
melaniesgreenman@gmail.com,,,(413) 362-9195,,,,,,1062,Florence,Massachusetts,US,,,,,,
jack@dogdaysnh.com,,,(443) 994-4629,,,,,,3447,Fitzwilliam,New Hampshire,US,,,,,,
coldspringshealingpaws@gmail.com,,,(603) 732-3556,,,,,,3071,New Ipswich,New Hampshire,US,,,,,,
wtmaussies@gmail.com,,,(203) 815-4718,,,,,,6524,Bethany,Connecticut,US,,,,,,
bittersweetfarmnh@yahoo.com,,,(603) 863-5792,,,,,,3773,Newport,New Hampshire,US,,,,,,
ashleymac2121@yahoo.com,,,(203) 209-1559,,,,,,6524,Bethany,Connecticut,US,,,,,,
example@mysite.com,,,(978) 463-3050,,,,,,1952,Salisbury,Massachusetts,US,,,,,,
southacreskennel@gmail.com,,,(413) 588-6446,,,,,,1026,Cummington,Massachusetts,US,,,,,,
Casitadelosduendes@gmail.com,,,(203) 980-0169,,,,,,6437,Guilford,Connecticut,US,,,,,,
slrou2012@gmail.com,,,(401) 479-1869,,,,,,2896,North Smithfield,Rhode Island,US,,,,,,
fechtne@midtel.net,,,(518) 827-4016,,,,,,12122,Middleburgh,New York,US,,,,,,
topofthehilldoodles@gmail.com,,,(860) 510-2424,,,,,,6415,Colchester,Connecticut,US,,,,,,
PuppyInquiries@MABernedoodles.com,,,(774) 452-5567,,,,,,1431,Ashby,Massachusetts,US,,,,,,
matt@pixelspread.com,astigma@astigmatic.com,impallari@gmail.com,(603) 344-6404,,,,,,3222,Alexandria,New Hampshire,US,,,,,,
filler@godaddy.com,anapbm@gmail.com,team@latofonts.com,(978) 270-9200,,,,,,1913,Amesbury,Massachusetts,US,,,,,,
lemonad@jovanny.ru,info@forestkingvizslas.com,anapbm@gmail.com,,,,,,,1360,Northfield,Massachusetts,US,,,,,,
info@ctbreeder.com,,,(203) 939-1964,,,,,,6851,Norwalk,Connecticut,US,,,,,,
info@indiantypefoundry.com,powerhousemastiffs@gmail.com,,(845) 421-5139,,,,,,1475,Winchendon,Massachusetts,US,,,,,,
westchesterfrenchbulldog@gmail.com,,,(914) 384-9564,,,,,,10567,Cortlandt Manor,New York,US,,,,,,
dagobah_12@hotmail.com,,,(518) 634-7384,,,,,,12431,Freehold,New York,US,,,,,,
support@jhfstable.com,,,(603) 835-6509,,,,,,3602,Alstead,New Hampshire,US,,,,,,
info@rawdino.com,,,(508) 456-7844,,,,,,2148,Malden,Massachusetts,US,,,,,,
theberkshiredog@gmail.com,,,(413) 212-8526,,,,,,1237,Lanesborough,Massachusetts,US,,,,,,
info@plaiddogrecording.com,INFO@PLAIDDOGRECORDING.COM,,(617) 870-4948,,,,,,2451,Waltham,Massachusetts,US,,,,,,
thedogcabinlg@yahoo.com,,,(518) 668-3251,,,,,,12845,Lake George,New York,US,,,,,,
TopDog@baddogtools.com,topdog@baddogtools.com,,(800) 252-1330,,,,,,2809,Bristol,Rhode Island,US,,,,,,
info@westlebanonsupply.com,cleanpaws@westlebanonsupply.com,,(603) 298-8600,,,,,,3784,West Lebanon,New Hampshire,US,,,,,,
info@bestofbuddiespetcare.com,,,(860) 558-4864,,,,,,,,,,,,,,,
Holymolysnacks@gmail.com,holymolysnacks@gmail.com,,(603) 943-1295,,,,,,3102,Manchester,New Hampshire,US,,,,,,
woof@dogeatcake.com,,,(617) 678-7000,,,,,,2116,Boston,Massachusetts,US,,,,,,
calli@stonewall-manor.com,,,(508) 878-3945,,,,,,1532,Northborough,Massachusetts,US,,,,,,
ceriseess55@gmail.com,,,(860) 354-0249,,,,,,6784,Sherman,Connecticut,US,,,,,,
landmsheltiesandfrenchbulldogs@gmail.com,landmshelties@roadrunner.com,,(207) 284-8515,,,,,,4046,Arundel,Maine,US,,,,,,
info@allamericanbreedersinc.com,,,(718) 406-5650,,,,,,6903,Stamford,Connecticut,US,,,,,,
melissa@ctcountrydoodles.com,,,(203) 558-6311,,,,,,6415,Colchester,Connecticut,US,,,,,,
handyhilllabs@aol.com,impallari@gmail.com,hello@rfuenzalida.com,(508) 264-6408,,,,,,2743,Acushnet,Massachusetts,US,,,,,,
mbmccann@comcast.net,,,(603) 547-2498,,,,,,3047,Greenfield,New Hampshire,US,,,,,,
lwaysgoldenpups@gmail.com,,,(860) 303-3555,,,,,,6360,Norwich,Connecticut,US,,,,,,
hello@tailorcutmedia.com,,,,,,,,,6810,Danbury,Connecticut,US,,,,,,
Service@puppydoody.com,,,(774) 249-5425,,,,,,,,,,,,,,,
dogbutlerct@gmail.com,DogButlerCT@gmail.com,,(203) 521-0092,,,,,,,,,,,,,,,
deepwaterdogs2019@gmail.com,,,(508) 241-1532,,,,,,2631,Brewster,MA,US,,,,,,
canocorsokennels@yahoo.com,info@canocorsokennels.com,,(702) 274-7893,,,,,,89011,Henderson,Nevada,US,,,,,,
team@chroniccreative.co,,,(801) 864-4817,,,,,,84092,Sandy,Utah,US,,,,,,
andersonk9kennels@gmail.com,,,(208) 244-8020,,,,,,75973,Shelbyville,Texas,US,,,,,,
cpaludi@gsinet.net,anapbm@gmail.com,team@latofonts.com,(603) 495-1291,,,,,,3280,Washington,New Hampshire,US,,,,,,
quincycollies@yahoo.com,,,(603) 786-3600,,,,,,3266,Rumney,New Hampshire,US,,,,,,
palmersgoldens@gmail.com,,,(603) 748-3050,,,,,,3287,Wilmot,New Hampshire,US,,,,,,
morgan@sugarplumbulldogs.com,,,(401) 447-6700,,,,,,2809,Bristol,Rhode Island,US,,,,,,
Puppyinfo@canallabradors.com,puppyinfo@canallabradors.com,,(508) 317-7964,,,,,,2360,Plymouth,Massachusetts,US,,,,,,
stormcloudshepherds@gmail.com,,,(603) 941-0868,,,,,,3278,Warner,New Hampshire,US,,,,,,
reservations@alysgoldenretrievers.com,,,(203) 727-8702,,,,,,6524,Bethany,Connecticut,US,,,,,,
areimers24@gmail.com,info@barefootgoldens.com,,(207) 210-7165,,,,,,4055,Naples,Maine,US,,,,,,
contactus@bobosbestkennels.com,,,(203) 423-3820,,,,,,6451,Meriden,Connecticut,US,,,,,,
granitestategundogs@gmail.com,,,(603) 558-1475,,,,,,3745,Cornish,New Hampshire,US,,,,,,
signaturegoldgoldens@gmail.com,,,(207) 247-1627,,,,,,4002,Alfred,Maine,US,,,,,,
mary.minigoldendoodlesofcapecod@gmail.com,,,(508) 492-2212,,,,,,2559,Pocasset,Massachusetts,US,,,,,,
englishmanorlabradoodles@yahoo.com,,,(973) 229-1848,,,,,,7480,West Milford,New Jersey,US,,,,,,
draycotmeadows@gmail.com,,,(978) 934-9463,,,,,,1826,Dracut,Massachusetts,US,,,,,,
NortheastKennels@comcast.net,,,(508) 668-2113,,,,,,2081,Walpole,Massachusetts,US,,,,,,
K9Goldiva@gmail.com,,,,,,,,,4097,North Yarmouth,Maine,US,,,,,,
info@indiantrailgoldenretrievers.com,,,,,,,,,6066,Vernon,Connecticut,US,,,,,,
ciriuskennels@yahoo.com,,,(845) 629-8385,,,,,,12582,Stormville,New York,US,,,,,,
spotseverywhere@alpha-n-omega-dalmatians.com,,,,,,,,,6026,East Granby,Connecticut,US,,,,,,
filler@godaddy.com,impallari@gmail.com,team@latofonts.com,(860) 778-8621,,,,,,1118,Springfield,Massachusetts,US,,,,,,
ejfsmd@aol.com,,,(646) 331-7697,,,,,,10541,Mahopac,New York,US,,,,,,
saratogagoldendoodles@gmail.com,,,(518) 810-7387,,,,,,12118,Mechanicville,New York,US,,,,,,
ck9@collinswoodk9.com,,,(508) 832-9394,,,,,,1501,Auburn,Massachusetts,US,,,,,,
Deborahjohnsonfamily@gmail.com,,,,,,,,,75231,Dallas,Texas,US,,,,,,
jonpinhorn.typedesign@gmail.com,impallari@gmail.com,amkryukov@gmail.com,(603) 496-3568,,,,,,3229,Hopkinton,New Hampshire,US,,,,,,
poodlerescuect@yahoo.com,,,(203) 729-8846,,,,,,6770,Naugatuck,Connecticut,US,,,,,,
craig@newenglandgoldens.com,,,,,,,,,3087,Windham,New Hampshire,US,,,,,,
FRONTDESKCNE@GMAIL.COM,frontdeskcne@gmail.com,,(508) 761-6500,,,,,,2081,Walpole,Massachusetts,US,,,,,,
SaltyDogsGoldens@gmail.com,saltydogsgoldens@gmail.com,SAltyDogsGoldens@gmail.com,,,,,,,3846,Jackson,New Hampshire,US,,,,,,
hakimaamr@yahoo.com,,,(978) 269-7777,,,,,,,,,,,,,,,
Silverpinespups@gmail.com,,,(207) 651-7445,,,,,,,,,,,,,,,
bostonfrenchiez@gmail.com,,,(857) 891-1545,,,,,,,,,,,,,,,
info@fradefamilycanine.com,,,(508) 728-3317,,,,,,,,,,,,,,,
wagnmore@gmail.com,,,(845) 476-6545,,,,,,,,,,,,,,,
ma2doodles@hotmail.com,Ma2doodles@hotmail.com,,,,,,,,,,,,,,,,,
luckydoglabradoodles@yahoo.com,,,(508) 944-8270,,,,,,,,,,,,,,,
micah@micahrich.com,Majestyshihtzus@gmail.com,,(508) 656-7774,,,,,,,,,,,,,,,
example@mysite.com,,,(573) 380-1491,,,,,,63801,Sikeston,Missouri,US,,,,,,
adoptions@flatrockkennels.com,,,(217) 292-7021,,,,,,62916,Campbell Hill,Illinois,US,,,,,,
info@axolotlplanet.com,,,(214) 679-4013,,,,,,75243,Dallas,Texas,US,,,,,,
info@luxuryteacupuppies.com,,,,,,,,,75287,Dallas,Texas,US,,,,,,
lancaster@boogiespups.com,grapevine@boogiespups.com,,(469) 526-7227,,,,,,75146,Lancaster,Texas,US,,,,,,
darla@platinumpets.org,,,(972) 636-3629,,,,,,75189,Royse City,Texas,US,,,,,,
michelled1968@yahoo.com,,,(907) 942-5909,,,,,,99611,Kenai,Alaska,US,,,,,,
arcticfrostedbullies@gmail.com,,,(907) 690-5203,,,,,,99669,Soldotna,Alaska,US,,,,,,
saramaydennison@gmail.com,,,,,,,,,99645,Palmer,Alaska,US,,,,,,
Iris@flowerkennel.com,iris@flowerkennel.com,,,,,,,,99676,Talkeetna,Alaska,US,,,,,,
kkc@starband.net,kenaikennelclub@gmail.com,,(907) 335-2552,,,,,,99611,Kenai,Alaska,US,,,,,,
jefcaswll@gmail.com,,,(907) 631-8672,,,,,,99623,Wasilla,Alaska,US,,,,,,
mush@sundogkennel.com,,,(800) 318-2534,,,,,,99676,Talkeetna,Alaska,US,,,,,,
running12dogs@yahoo.com,,,(907) 495-6874,,,,,,99688,Willow,Alaska,US,,,,,,
northstargemspragues@gmail.com,jonesbambi@icloud.com,,(907) 362-1090,,,,,,99664,Seward,Alaska,US,,,,,,
melissa@galavantingpoodles.com,,,,,,,,,99676,Talkeetna,Alaska,US,,,,,,
info@alaskabeagleranch.org,info@AlaskaBeagleRanch.org,,(907) 351-4968,,,,,,99654,Wasilla,Alaska,US,,,,,,
hello@dreamlandtours.net,,,(801) 251-6036,,,,,,84741,Kanab,Utah,US,,,,,,
ktnhumanesociety@yahoo.com,,,(907) 821-0274,,,,,,99901,Ketchikan,Alaska,US,,,,,,
stonetreevet@gmail.com,,,(907) 931-8988,,,,,,99901,Ketchikan,Alaska,US,,,,,,
Taylor2315@hotmail.com,brewersdanesanddoodles@gmail.com,,(469) 812-5842,,,,,,75041,Garland,Texas,US,,,,,,
mymail@mailservice.com,breederspurebred@gmail.com,info@purebreedspuppies.com,(409) 941-7023,,,,,,10022,New York,New York,US,,,,,,
info@zuiton.com,,,(305) 489-1889,,,,,,33179,Miami,Florida,US,,,,,,
info@northstardogmushing.com,fo@northstardogmushing.com,,(907) 590-5090,,,,,,99709,Fairbanks,Alaska,US,,,,,,
chenaoutdoorco@gmail.com,,,(907) 799-4420,,,,,,99712,Fairbanks,Alaska,US,,,,,,
ghbga@mosquitonet.com,,,(907) 488-6866,,,,,,99705,North Pole,Alaska,US,,,,,,
chelseaspetresortak@gmail.com,,,(907) 457-7474,,,,,,99712,Fairbanks,Alaska,US,,,,,,
blacksprucedogsledding@gmail.com,,,(907) 371-3647,,,,,,99709,Fairbanks,Alaska,US,,,,,,
Info@CompanionsInc.org,,,(907) 687-4247,,,,,,99707,Fairbanks,Alaska,US,,,,,,
janabutman@gmail.com,nickhubach@outlook.com,,(907) 415-8837,,,,,,99701,Fairbanks,Alaska,US,,,,,,
dogs@pawsforadventure.com,,,(907) 699-3960,,,,,,99712,Fairbanks,Alaska,US,,,,,,
bckennel@mtaonline.net,,,(907) 888-0365,,,,,,99701,Fairbanks,Alaska,US,,,,,,
example@mysite.com,abck9fun@gmail.com,abcK9fun@gmail.com,(907) 322-2323,,,,,,99709,Fairbanks,Alaska,US,,,,,,
mushwithus@gmail.com,impallari@gmail.com,,(907) 488-5991,,,,,,99712,Fairbanks,AK,US,,,,,,
hello@arcticdogco.com,lisbet@arcticdogco.com,,(907) 841-4694,,,,,,99712,Fairbanks,Alaska,US,,,,,,
info@pleasantacresrr.com,,,(907) 744-0390,,,,,,99712,Fairbanks,Alaska,US,,,,,,
raerescue@gmail.com,,,,,,,,,99701,Fairbanks,Alaska,US,,,,,,
info@riverboatdiscovery.com,,,(907) 479-6673,,,,,,99709,Fairbanks,Alaska,US,,,,,,
cathlairfarms@yahoo.com,,,(907) 590-4459,,,,,,,,,,,,,,,
moondogkennelak@gmail.com,,,(907) 987-5060,,,,,,99743,Healy,Alaska,US,,,,,,
val@paradiseranchllc.com,,,(907) 841-0809,,,,,,99654,Wasilla,Alaska,US,,,,,,
info@49thstatekennels.com,,,(907) 745-3647,,,,,,99654,Wasilla,Alaska,US,,,,,,
hhdpetresort@gmail.com,,,(435) 899-9335,,,,,,86022,Fredonia,Arizona,US,,,,,,
copperriverbrew@gmail.com,copperriverbrewingmanager@gmail.com,,(907) 424-3355,,,,,,99574,Cordova,Alaska,US,,,,,,
info@bettleslodge.com,,,(907) 692-5111,,,,,,99726,Bettles,Alaska,US,,,,,,
example@mysite.com,info@mysite.com,elitecanecorsollc@gmail.com,(360) 303-5163,,,,,,98248,Ferndale,Washington,US,,,,,,
mauianimalfarm@gmail.com,,,(808) 280-2597,,,,,,96761,Lahaina,Hawaii,US,,,,,,
brian@noblewolfgermanshepherds.com,,,(808) 344-1116,,,,,,96790,Kula,Hawaii,US,,,,,,
MauiCarnation@hotmail.com,mauicarnation@hotmail.com,,(808) 878-2800,,,,,,96790,Kula,Hawaii,US,,,,,,
support@webador.com,,,(808) 630-1611,,,,,,96734,Kailua,Hawaii,US,,,,,,
mookinikennel@gmail.com,,,(608) 770-2373,,,,,,96743,Waimea,Hawaii,US,,,,,,
info@puuohoku.com,,,(808) 558-8109,,,,,,96748,Kaunakakai,Hawaii,US,,,,,,
Jujuskennels@gmail.com,,,(808) 640-5621,,,,,,96704,Ocean View,Hawaii,US,,,,,,
susitnasleddogadventures@gmail.com,,,(907) 502-0247,,,,,,99676,Talkeetna,Alaska,US,,,,,,
TeamMatthewFailor@gmail.com,info@akhusky.dog,info@ahusky.dog,(907) 744-8211,,,,,,99688,Willow,Alaska,US,,,,,,
nburntpawtokak@gmail.com,burntpawtokak@gmail.com,,(907) 251-5885,,,,,,99780,Tok,AK,US,,,,,,
Vegasborndoodles@gmail.com,,,(702) 370-5166,,,,,,89131,Las Vegas,Nevada,US,,,,,,
micah@micahrich.com,,,(808) 329-7082,,,,,,96740,Kailua-Kona,Hawaii,US,,,,,,
pauhanapets@gmail.com,,,(808) 966-3225,,,,,,96749,Keaau,Hawaii,US,,,,,,
fish@yakutatlodge.com,peakrunmedia@gmail.com,,(907) 784-3232,,,,,,99689,Yakutat,Alaska,US,,,,,,
storysidekennels@gmail.com,,,(608) 535-1089,,,,,,53806,Cassville,Wisconsin,US,,,,,,
himwrpetkennels@gmail.com,,,(808) 368-3456,,,,,,96701,Aiea,Hawaii,US,,,,,,
impallari@gmail.com,,,(808) 239-1214,,,,,,96744,Kaneohe,Hawaii,US,,,,,,
luckydog96795@aol.com,,,(808) 259-8132,,,,,,96795,Waimanalo,Hawaii,US,,,,,,
reservations@tailsofhawaii.com,,,(808) 676-9663,,,,,,96782,Pearl City,Hawaii,US,,,,,,
impallari@gmail.com,,,(808) 235-6477,,,,,,96744,Kaneohe,Hawaii,US,,,,,,
heartsforanimals@gmail.com,,,(808) 293-9283,,,,,,96717,Hauula,Hawaii,US,,,,,,
info@k9kokua.org,,,(808) 284-4310,,,,,,96786,Wahiawa,Hawaii,US,,,,,,
pcvhreception@gmail.com,,,(907) 747-3788,,,,,,99835,Sitka,Alaska,US,,,,,,
skagwayweeniewagon@gmail.com,,,,,,,,,99840,Skagway,Alaska,US,,,,,,
info@alaska3sixty.com,,,(907) 983-3175,,,,,,99840,Skagway,Alaska,US,,,,,,
MidnightSunExcursions@gmail.com,,,(907) 713-7004,,,,,,99840,Skagway,Alaska,US,,,,,,
info@klondikebeer.com,,,(907) 983-2778,,,,,,99840,Skagway,Alaska,US,,,,,,
info@beyondskagwaytours.com,,,(907) 612-0499,,,,,,99840,Skagway,Alaska,US,,,,,,
info@skagway.tours,,,(907) 921-4344,,,,,,99840,Skagway,Alaska,US,,,,,,
klondiketours.castle@gmail.com,,,(907) 983-2075,,,,,,99840,Skagway,Alaska,US,,,,,,
tours@chilkootcharters.com,alaska-tours@hotmail.com,,(907) 983-3400,,,,,,,,,,,,,,,
RemiKennelsLLC@gmail.com,remikennelsllc@gmail.com,,(530) 310-7364,,,,,,96054,Lookout,California,US,,,,,,
cobaltkennels@gmail.com,,,(530) 510-1404,,,,,,94534,Fairfield,California,US,,,,,,
lovebugfarm808@gmail.com,,,,,,,,,96749,Keaau,Hawaii,US,,,,,,
info@kukinidogagility.com,,,,,,,,,96771,Mountain View,Hawaii,US,,,,,,
dustydogtraining808@gmail.com,filler@godaddy.com,hi@typemade.mx,(808) 699-3078,,,,,,96778,Pāhoa,Hawaii,US,,,,,,
jacklynnr@yahoo.com,,,(907) 314-0877,,,,,,96778,Pāhoa,Hawaii,US,,,,,,
clearbrookkennels@gmail.com,,,(360) 224-0903,,,,,,98295,Sumas,Washington,US,,,,,,
rebecca@kauaihumane.org,support@kauaihumane.org,customerservice@kauaihumane.org,(808) 632-0610,,,,,,96766,Lihue,Hawaii,US,,,,,,
charlee@kaluamoafarms.com,,,(808) 332-7900,,,,,,96765,Lawai,HI,US,,,,,,
info@barkbarkbackyard.com,,,(808) 320-3091,,,,,,96766,Lihue,Hawaii,US,,,,,,
KauaiPetServices@gmail.com,,,(808) 631-5591,,,,,,96756,Koloa,Hawaii,US,,,,,,
Info@kauaisafaris.com,,,(808) 652-4707,,,,,,96766,Lihue,Hawaii,US,,,,,,
train@alaskadogworks.com,,,(907) 841-1686,,,,,,99688,Willow,Alaska,US,,,,,,
samsgiantdogs@gmail.com,,,(346) 577-1518,,,,,,58104,Fargo,North Dakota,US,,,,,,
PupcountryMaui@gmail.com,,,,,,,,,,,,,,,,,,
contact@ohanaranchmaui.com,,,(808) 298-5864,,,,,,96790,Kula,Hawaii,US,,,,,,
info@olowaludogranch.com,,,(808) 796-6739,,,,,,96761,Lahaina,Hawaii,US,,,,,,
aloha@puakearanch.com,,,(808) 315-0805,,,,,,96719,Hawi,Hawaii,US,,,,,,
support@webador.com,,,(305) 490-8005,,,,,,33147,Miami,Florida,US,,,,,,
k9tropics@gmail.com,,,(305) 308-5245,,,,,,33166,Miami,Florida,US,,,,,,
Info@controlcanine.com,info@controlcanine.com,,(305) 564-1500,,,,,,33137,Miami,Florida,US,,,,,,
support@puppymansionmiami.com,,,(305) 338-3774,,,,,,33196,Miami,Florida,US,,,,,,
tropicalcavaliers@gmail.com,,,(305) 308-0737,,,,,,33156,Miami,Florida,US,,,,,,
voncalvo@aol.com,,,(786) 271-0118,,,,,,33165,Miami,Florida,US,,,,,,
lemonad@jovanny.ru,impallari@gmail.com,team@latofonts.com,(954) 393-0506,,,,,,33024,Hollywood,FL,US,,,,,,
contact@floridacanine.com,,,,,,,,,33327,Weston,Florida,US,,,,,,
Holmhaven@aol.com,holmhaven@aol.com,,(954) 434-3984,,,,,,33330,Southwest Ranches,Florida,US,,,,,,
Nickspuppiesllc@gmail.com,,,(954) 468-6124,,,,,,33060,Pompano Beach,Florida,US,,,,,,
myparadisepuppies@gmail.com,,,(954) 960-2007,,,,,,33062,Pompano Beach,Florida,US,,,,,,
info@indiantypefoundry.com,ez@ezgoldens.com,,(786) 253-7043,,,,,,33309,Fort Lauderdale,Florida,US,,,,,,
duransk9training@gmail.com,,,(954) 997-8868,,,,,,33322,Plantation,Florida,US,,,,,,
platinumpupsofmiami@gmail.com,,,(786) 337-5699,,,,,,33137,Miami,Florida,US,,,,,,
impallari@gmail.com,hello@rfuenzalida.com,,(786) 536-2430,,,,,,33166,Doral,Florida,US,,,,,,
k9specialist.du@gmail.com,,,(305) 772-3777,,,,,,33139,Miami Beach,Florida,US,,,,,,
info@valpets.com,,,(786) 821-0777,,,,,,33130,Miami,Florida,US,,,,,,
ArHernandez@miamigov.com,,,(305) 358-7550,,,,,,33132,Miami,Florida,US,,,,,,
info@controlyourk9.com,,,(305) 925-7686,,,,,,33137,Miami,Florida,US,,,,,,
info@barksquare.com,,,(786) 401-7748,,,,,,33166,Doral,Florida,US,,,,,,
banners-3@1x.webp,banners-1@1x.webp,banners-4@1x.webp,(305) 290-4245,,,,,,33161,North Miami,Florida,US,,,,,,
ccc@petlimo.com,,,(305) 274-3267,,,,,,33183,Miami,Florida,US,,,,,,
filler@godaddy.com,sebastian@aldusleaf.org,,(305) 833-4563,,,,,,33157,Palmetto Bay,Florida,US,,,,,,
hi@typemade.mx,,,(786) 261-9067,,,,,,33196,Miami,Florida,US,,,,,,
kendall@woofgangbakery.com,,,(786) 254-7373,,,,,,33183,Miami,Florida,US,,,,,,
info@pepelepooche.com,customerservice@pepelepoocheresortandspa.com,support@schedulista.com,(305) 382-0203,,,,,,33186,Miami,Florida,US,,,,,,
gorgeouspuppiesandkittens@gmail.com,,,(305) 266-7324,,,,,,33155,Miami,Florida,US,,,,,,
contact@carolinebassetpuppies.com,,,(410) 478-6206,,,,,,33109,Miami Beach,Florida,US,,,,,,
mike@championdogtraining.com,email@yoursite.com,,(954) 748-5423,,,,,,33319,Lauderhill,Florida,US,,,,,,
info@pettraveltransport.com,,,(954) 566-7391,,,,,,33334,Fort Lauderdale,Florida,US,,,,,,
info@socialpawz.com,,,(954) 533-9262,,,,,,33311,Fort Lauderdale,Florida,US,,,,,,
avi@theacdt.com,,,(954) 900-9013,,,,,,33068,Margate,Florida,US,,,,,,
savethedobes@aol.com,,,(954) 946-4100,,,,,,33307,Oakland Park,Florida,US,,,,,,
info@catdogs.org,,,(954) 990-5175,,,,,,33334,Oakland Park,Florida,US,,,,,,
info@dogtopia.com,,,(954) 289-4330,,,,,,33308,Fort Lauderdale,Florida,US,,,,,,
k954dogtraining@gmail.com,K954dogtraining@gmail.com,,(954) 408-4148,,,,,,33308,Fort Lauderdale,Florida,US,,,,,,
info@dogtopia.com,,,(954) 763-4111,,,,,,33312,Fort Lauderdale,Florida,US,,,,,,
typesetit@att.net,,,+1 787-929-4394,,,,,,,,,,,,,,,
unleashdk9@gmail.com,,,(786) 755-5857,,,,,,33169,Miami,Florida,US,,,,,,
info@bauserspettraining.com,,,(305) 454-0420,,,,,,33162,North Miami Beach,Florida,US,,,,,,
Morkieman@yahoo.com,morkieman@yahoo.com,,(954) 270-3284,,,,,,33027,Pembroke Pines,Florida,US,,,,,,
info@poggisanimalhouse.com,,,(954) 466-1074,,,,,,33325,Davie,Florida,US,,,,,,
ftl@petparadise.com,ftl@petparadiseresort.com,,(954) 888-1866,,,,,,33328,Davie,Florida,US,,,,,,
impallari@gmail.com,team@latofonts.com,,(305) 420-5729,,,,,,33332,Southwest Ranches,Florida,US,,,,,,
impallari@gmail.com,hello@rfuenzalida.com,,(954) 594-9490,,,,,,33330,Southwest Ranches,FL,US,,,,,,
help@pacificK9dogtraining.com,,,(954) 205-2374,,,,,,33024,Hollywood,Florida,US,,,,,,
hollyacrespetresort@gmail.com,,,(954) 434-1535,,,,,,33328,Davie,Florida,US,,,,,,
contact@countryinnpetresort.com,,,(954) 424-6000,,,,,,33325,Davie,Florida,US,,,,,,
example@mysite.com,fourpawsinnpetboarding@gmail.com,info@fourpawsinn.co,(754) 277-2325,,,,,,33027,Miramar,Florida,US,,,,,,
mycat@acountrycathouse.com,,,(305) 279-9770,,,,,,33183,Miami,Florida,US,,,,,,
info@equipawspetservices.com,,,(305) 794-3733,,,,,,33143,South Miami,Florida,US,,,,,,
info@mydogmiami.com,mydogpinecrest@gmail.com,sebastian@aldusleaf.org,(305) 298-5538,,,,,,33156,Miami,Florida,US,,,,,,
evereadysolutions@yahoo.com,,,,,,,,,,,,,,,,,,
filler@godaddy.com,info@ndiscovered.com,,(786) 813-6613,,,,,,33186,Miami,Florida,US,,,,,,
info@indiantypefoundry.com,filler@godaddy.com,,(305) 305-6866,,,,,,33186,Miami,Florida,US,,,,,,
info@3dk9detection.com,,,(855) 561-3647,,,,,,33132,Miami,Florida,US,,,,,,
Logo_TOP_90x@2x.gif,woof@fitandgopets.com,Logo_TOP_120x@2x.gif,(888) 691-9461,,,,,,33127,Miami,Florida,US,,,,,,
info@acacenter.us,,,(786) 271-9696,,,,,,33172,Miami,Florida,US,,,,,,
maisoncattery@gmail.com,,,(213) 709-4042,,,,,,33139,Miami Beach,Florida,US,,,,,,
chromahybullyzllc@icloud.com,Info@ChromaHyBullyz.com,,(855) 928-5599,,,,,,33166,Doral,Florida,US,,,,,,
miamisboujeeschnauzers@gmail.com,,,,,,,,,33150,Miami,Florida,US,,,,,,
info@lepetsalon.net,,,(305) 949-0180,,,,,,33160,Aventura,Florida,US,,,,,,
info@mysite.com,Info@royaltypuppies.net,,(786) 803-8899,,,,,,33144,Miami,Florida,US,,,,,,
