Website,Emails
https://www.lakewoodkennels.com/,"HELLO@LAKEWOODKENNELS.COM, hello@lakewoodkennels.com"
https://palmbeachk9repro.com/,"Andrea@PalmBeachK9Repro.com, Andrea@PalmBeachK9Pro.com"
https://falconk9protection.com/,"info@falconk9protection.com, john@example.com"
https://www.worldclasscavaliers.com/,"dd0a55ccb8124b9c9d938e3acf41f8aa@sentry.wixpress.com, 2062d0a4929b45348643784b5cb39c36@sentry.wixpress.com, 605a7baede844d278b89dc95ae0a9123@sentry-next.wixpress.com, 79baaa8e09c746d2b7401643b99792e0@sentry.wixpress.com, 8c30b2581acc426badc414e8a5dc04ef@sentry.wixpress.com, 8eb368c655b84e029ed79ad7a5c1718e@sentry.wixpress.com, 9a65e97ebe8141fca0c4fd686f70996b@sentry.wixpress.com, ed436f5053144538958ad06a5005e99a@sentry.wixpress.com, 5d1795a2db124a268f1e1bd88f503500@sentry.wixpress.com, c183baa23371454f99f417f6616b724d@sentry.wixpress.com, example@mysite.com, info@worldclasscavaliers.com, 460ff4620fa44cba8df530afde949785@sentry.wixpress.com, 271e9fa3230b4eec94b02bf95780f5f2@sentry.wixpress.com, 18d2f96d279149989b95faf0a4b41882@sentry-next.wixpress.com, 8c4075d5481d476e945486754f783364@sentry.io"
https://lovehomefrenchies.com/,info@lovehomefrenchies.com
http://vonflgs.com/,vonflgs@gmail.com
https://www.sunnysidedoodles.com/,"605a7baede844d278b89dc95ae0a9123@sentry-next.wixpress.com, 8eb368c655b84e029ed79ad7a5c1718e@sentry.wixpress.com, 9a65e97ebe8141fca0c4fd686f70996b@sentry.wixpress.com, 5d1795a2db124a268f1e1bd88f503500@sentry.wixpress.com, 8c4075d5481d476e945486754f783364@sentry.io, 18d2f96d279149989b95faf0a4b41882@sentry-next.wixpress.com, 2062d0a4929b45348643784b5cb39c36@sentry.wixpress.com"
http://bestcattledogpuppies.com/,info@bestcattledogpuppies.com
https://primecanecorsopuppies.com/,info@titancanecorsopuppiesforsale.com
https://www.wonderfurpups.com/,"info@indiantypefoundry.com, lemonad@jovanny.ru, Wonderfurpups@gmail.com"
https://healthypoodlepuppies.com/,info@healthypoodlepuppies.com
http://grandcanyonbernedoodles.com/,"typesetit@att.net, filler@godaddy.com, grandcanyonbernedoodles@gmail.com, impallari@gmail.com"
https://pickapuppynyc.com/,your.email@example.com
http://millsfamilyfarm.net/,"605a7baede844d278b89dc95ae0a9123@sentry-next.wixpress.com, 79baaa8e09c746d2b7401643b99792e0@sentry.wixpress.com, 8c30b2581acc426badc414e8a5dc04ef@sentry.wixpress.com, 8eb368c655b84e029ed79ad7a5c1718e@sentry.wixpress.com, 9a65e97ebe8141fca0c4fd686f70996b@sentry.wixpress.com, 5d1795a2db124a268f1e1bd88f503500@sentry.wixpress.com, MILLSFAMILYFARM94@GMAIL.COM, 18d2f96d279149989b95faf0a4b41882@sentry-next.wixpress.com, 8c4075d5481d476e945486754f783364@sentry.io"
http://www.worldclasschihuahuas.com/,"dd0a55ccb8124b9c9d938e3acf41f8aa@sentry.wixpress.com, cd64ba1f47df485bba2b0076c0dd3b25@sentry.wixpress.com, 5d1795a2db124a268f1e1bd88f503500@sentry.wixpress.com, c183baa23371454f99f417f6616b724d@sentry.wixpress.com, wcchihuahuas@gmail.com, 605a7baede844d278b89dc95ae0a9123@sentry-next.wixpress.com, 79baaa8e09c746d2b7401643b99792e0@sentry.wixpress.com, 8eb368c655b84e029ed79ad7a5c1718e@sentry.wixpress.com, 9a65e97ebe8141fca0c4fd686f70996b@sentry.wixpress.com, 0e6a29e4756740a8a63493e912ba2174@sentry.wixpress.com, 18d2f96d279149989b95faf0a4b41882@sentry-next.wixpress.com, ed436f5053144538958ad06a5005e99a@sentry.wixpress.com, 1eeb89147c984dc6bc3ffafd9e6cd089@sentry.wixpress.com, 271e9fa3230b4eec94b02bf95780f5f2@sentry.wixpress.com, 2062d0a4929b45348643784b5cb39c36@sentry.wixpress.com, 8c30b2581acc426badc414e8a5dc04ef@sentry.wixpress.com, baf30a2b91654c5a840931f0137bed30@sentry.wixpress.com, 460ff4620fa44cba8df530afde949785@sentry.wixpress.com, 8c4075d5481d476e945486754f783364@sentry.io"
https://fancypetsplanet.com/?utm_campaign=gmb,info@fancypetsplanet.com
https://www.puppylovefl.com/?utm_source=google&utm_medium=wix_google_business_profile&utm_campaign=274505551785044374,"79baaa8e09c746d2b7401643b99792e0@sentry.wixpress.com, 605a7baede844d278b89dc95ae0a9123@sentry-next.wixpress.com, 8c30b2581acc426badc414e8a5dc04ef@sentry.wixpress.com, 8eb368c655b84e029ed79ad7a5c1718e@sentry.wixpress.com, 9a65e97ebe8141fca0c4fd686f70996b@sentry.wixpress.com, cd64ba1f47df485bba2b0076c0dd3b25@sentry.wixpress.com, puppylovepetshop1@gmail.com, 8c4075d5481d476e945486754f783364@sentry.io"
https://www.sunshinepartiyorkies.com/,"info@sunshinepartiyorkies.com, partioverhere@gmail.com, dbohler@gmail.com"
https://www.epicpuppies.com/,"dd0a55ccb8124b9c9d938e3acf41f8aa@sentry.wixpress.com, 605a7baede844d278b89dc95ae0a9123@sentry-next.wixpress.com, 8c30b2581acc426badc414e8a5dc04ef@sentry.wixpress.com, 8eb368c655b84e029ed79ad7a5c1718e@sentry.wixpress.com, 9a65e97ebe8141fca0c4fd686f70996b@sentry.wixpress.com, epicpuppiesmiami@gmail.com, c183baa23371454f99f417f6616b724d@sentry.wixpress.com, 8c4075d5481d476e945486754f783364@sentry.io"
http://cutestpuppiesforsale.com/,support@cutestpuppiesforsale.com
https://elizabethcherryfamily.com/,Info@elizabethcherryfamily.com
https://ethicalfrenchie.com/,info@ethicalfrenchie.com
http://blueempirekennels.com/,"2062d0a4929b45348643784b5cb39c36@sentry.wixpress.com, 605a7baede844d278b89dc95ae0a9123@sentry-next.wixpress.com, 9a65e97ebe8141fca0c4fd686f70996b@sentry.wixpress.com, ed436f5053144538958ad06a5005e99a@sentry.wixpress.com, 5d1795a2db124a268f1e1bd88f503500@sentry.wixpress.com, 78f7996315bc402f9dcb8a2f974b82d1@sentry.wixpress.com, 460ff4620fa44cba8df530afde949785@sentry.wixpress.com, 271e9fa3230b4eec94b02bf95780f5f2@sentry.wixpress.com, 18d2f96d279149989b95faf0a4b41882@sentry-next.wixpress.com, 8c4075d5481d476e945486754f783364@sentry.io"
https://honesttpet.com/,contact@honesttpet.com
http://coastalfrenchbulldog.com/,info@coastalfrenchbulldog.com
http://www.snugapawpoos.com/,"dave@lab6.com, contact@sansoxygen.com, impallari@gmail.com"
http://www.rockyridgetribe.com/,"605a7baede844d278b89dc95ae0a9123@sentry-next.wixpress.com, 8eb368c655b84e029ed79ad7a5c1718e@sentry.wixpress.com"
http://dennettsdoodles.net/,"dd0a55ccb8124b9c9d938e3acf41f8aa@sentry.wixpress.com, 2062d0a4929b45348643784b5cb39c36@sentry.wixpress.com, 605a7baede844d278b89dc95ae0a9123@sentry-next.wixpress.com, 8c30b2581acc426badc414e8a5dc04ef@sentry.wixpress.com, 8eb368c655b84e029ed79ad7a5c1718e@sentry.wixpress.com, 9a65e97ebe8141fca0c4fd686f70996b@sentry.wixpress.com, ed436f5053144538958ad06a5005e99a@sentry.wixpress.com, c183baa23371454f99f417f6616b724d@sentry.wixpress.com, 460ff4620fa44cba8df530afde949785@sentry.wixpress.com, 271e9fa3230b4eec94b02bf95780f5f2@sentry.wixpress.com, 8c4075d5481d476e945486754f783364@sentry.io"
https://www.j-rfarmsgoldens.com/,"user@domain.com, Jrfarmsgoldens@gmail.com"
https://canterburycanines.com/,canterburycanines@gmail.com
https://www.saltandsnowpups.com/,"605a7baede844d278b89dc95ae0a9123@sentry-next.wixpress.com, 8eb368c655b84e029ed79ad7a5c1718e@sentry.wixpress.com, saltandsnowpups@gmail.com"
http://www.highdeserthounds.net/,"605a7baede844d278b89dc95ae0a9123@sentry-next.wixpress.com, highdeserthoundsut@gmail.com, 8eb368c655b84e029ed79ad7a5c1718e@sentry.wixpress.com, 5d1795a2db124a268f1e1bd88f503500@sentry.wixpress.com, example@mysite.com, 18d2f96d279149989b95faf0a4b41882@sentry-next.wixpress.com"
https://frostedgoldendoodles.com/,frostedgoldendoodles@gmail.com
https://luxipawspoodlesanddoodles.com/,"8c30b2581acc426badc414e8a5dc04ef@sentry.wixpress.com, 605a7baede844d278b89dc95ae0a9123@sentry-next.wixpress.com, 79baaa8e09c746d2b7401643b99792e0@sentry.wixpress.com, 8eb368c655b84e029ed79ad7a5c1718e@sentry.wixpress.com, 9a65e97ebe8141fca0c4fd686f70996b@sentry.wixpress.com, 5d1795a2db124a268f1e1bd88f503500@sentry.wixpress.com, Luxipawspoodlesanddoodles@gmail.com, 78f7996315bc402f9dcb8a2f974b82d1@sentry.wixpress.com, 18d2f96d279149989b95faf0a4b41882@sentry-next.wixpress.com, 8c4075d5481d476e945486754f783364@sentry.io"
https://www.skynicpomskies.com/,"605a7baede844d278b89dc95ae0a9123@sentry-next.wixpress.com, skynicpomskies@gmail.com"
http://bckdoodles.com/,"2062d0a4929b45348643784b5cb39c36@sentry.wixpress.com, 79baaa8e09c746d2b7401643b99792e0@sentry.wixpress.com, 605a7baede844d278b89dc95ae0a9123@sentry-next.wixpress.com, 8eb368c655b84e029ed79ad7a5c1718e@sentry.wixpress.com, 9a65e97ebe8141fca0c4fd686f70996b@sentry.wixpress.com, ed436f5053144538958ad06a5005e99a@sentry.wixpress.com, brycecanyonkennel@gmail.com, 460ff4620fa44cba8df530afde949785@sentry.wixpress.com, 271e9fa3230b4eec94b02bf95780f5f2@sentry.wixpress.com, 8c4075d5481d476e945486754f783364@sentry.io"
https://sevierriverretrievers.com/,"john@doe.com, scott@seviergoldenretrievers.com"
https://www.countrydoxies.com/,puppies@countrydoxies.com
http://www.jojoschnauzers.com/,"user@domain.com, lacy@jojoschnauzers.com, carli@jojoschnauzers.com"
https://www.fawndynastybullys.com/,"support@webador.com, fawndynastybullies@gmail.com"
http://pachecokennelsmassachusetts.com/,"info@mysite.com, pachecokennels@gmail.com, 605a7baede844d278b89dc95ae0a9123@sentry-next.wixpress.com, PachecoKennels@gmail.com"
http://www.abreedapart.info/,kdjdedgd@aol.com
https://www.justbehaving.com/,droach@justbehaving.com
http://www.woodlandkennel.com/,genglish@gundogsonline.com
https://www.myfurryfriends.me/,"2062d0a4929b45348643784b5cb39c36@sentry.wixpress.com, 605a7baede844d278b89dc95ae0a9123@sentry-next.wixpress.com, 8eb368c655b84e029ed79ad7a5c1718e@sentry.wixpress.com, 9a65e97ebe8141fca0c4fd686f70996b@sentry.wixpress.com, ed436f5053144538958ad06a5005e99a@sentry.wixpress.com, 460ff4620fa44cba8df530afde949785@sentry.wixpress.com, 271e9fa3230b4eec94b02bf95780f5f2@sentry.wixpress.com, 8c4075d5481d476e945486754f783364@sentry.io"
http://www.maineberners.com/contact.html,"email@emailaddress.com, website@mywork.com, Vatuvite@aol.com"
http://www.damedogslabradors.com/,"user@domain.com, Jcdame1022@gmail.com"
http://www.blackpawsgermanshepherds.com/contact.html,blackpawsgermanshepherds@yahoo.com
https://acircleoflovepapillons.com/,"mail@iginomarini.com, hi@typemade.mx, team@latofonts.com, impallari@gmail.com"
https://vondenbrookfields.com/,605a7baede844d278b89dc95ae0a9123@sentry-next.wixpress.com
http://olympiakennels.com/,"dd0a55ccb8124b9c9d938e3acf41f8aa@sentry.wixpress.com, olympiaGSD@msn.com, 2062d0a4929b45348643784b5cb39c36@sentry.wixpress.com, 605a7baede844d278b89dc95ae0a9123@sentry-next.wixpress.com, 8eb368c655b84e029ed79ad7a5c1718e@sentry.wixpress.com, 9a65e97ebe8141fca0c4fd686f70996b@sentry.wixpress.com, ed436f5053144538958ad06a5005e99a@sentry.wixpress.com, c183baa23371454f99f417f6616b724d@sentry.wixpress.com, 460ff4620fa44cba8df530afde949785@sentry.wixpress.com, 271e9fa3230b4eec94b02bf95780f5f2@sentry.wixpress.com, 8c4075d5481d476e945486754f783364@sentry.io"
http://massredrockkennel.com/,massredrockkennel@gmail.com
http://crownroyalkennels.com/,"info@CrownRoyalKennels.com, micah@micahrich.com, Info@crownroyalkennels.com"
http://bellasbreed.com/,bjnj17@verizon.net
https://cheyennefarmkennel.com/,"amkryukov@gmail.com, contact@cheyennefarmkennel.com, littlebitt46@yahoo.com"
https://www.hampshirekennels.net/,"dd0a55ccb8124b9c9d938e3acf41f8aa@sentry.wixpress.com, 2062d0a4929b45348643784b5cb39c36@sentry.wixpress.com, 605a7baede844d278b89dc95ae0a9123@sentry-next.wixpress.com, 9a65e97ebe8141fca0c4fd686f70996b@sentry.wixpress.com, c183baa23371454f99f417f6616b724d@sentry.wixpress.com, info@hampshirekennels.net, bret@hampshirekennels.net, 8c4075d5481d476e945486754f783364@sentry.io"
http://bichonsoffiskdale.com/,"kim@bichonsoffiskdale.com, Kim@bichonsoffiskdale.com"
https://tlcpomskies.com/,astigma@astigmatic.com
https://k9one.com/,"cj@k9one.com, report@k9one.com"
http://www.vonhena-c.com/,"user@domain.com, vonhenackennel@gmail.com"
http://brooksidecavalier.com/,Brooksidecavalier@gmail.com
https://www.excaliburlabradors.com/,info@excaliburlabradors.com
https://foxhillk9.com/german-shepherds,"filler@godaddy.com, team@latofonts.com, anapbm@gmail.com"
http://aboutbeaucerons.com/,admin@aboutbeaucerons.com
https://luvlyacrescavaliers.com/,ladyzazzj@aol.com
https://canine-grooming.square.site/,"13e49d785d8d4f828038b6136f3b48ba@sentry.io, hi@mystore.com"
https://www.woofsandwalksktn.com/,13e49d785d8d4f828038b6136f3b48ba@sentry.io
https://bernesemountainforsale.com/,"contact@bernesemountainforsale.com, Contact@bernesemountainforsale.com"
https://akwildwoodkennels.com/,"dd0a55ccb8124b9c9d938e3acf41f8aa@sentry.wixpress.com, 2062d0a4929b45348643784b5cb39c36@sentry.wixpress.com, MartiniukAlaska@Gmail.com, 605a7baede844d278b89dc95ae0a9123@sentry-next.wixpress.com, 9a65e97ebe8141fca0c4fd686f70996b@sentry.wixpress.com, ed436f5053144538958ad06a5005e99a@sentry.wixpress.com, martiniukalaska@gmail.com, 5d1795a2db124a268f1e1bd88f503500@sentry.wixpress.com, c183baa23371454f99f417f6616b724d@sentry.wixpress.com, 78f7996315bc402f9dcb8a2f974b82d1@sentry.wixpress.com, 460ff4620fa44cba8df530afde949785@sentry.wixpress.com, 271e9fa3230b4eec94b02bf95780f5f2@sentry.wixpress.com, 18d2f96d279149989b95faf0a4b41882@sentry-next.wixpress.com, 8c4075d5481d476e945486754f783364@sentry.io"
https://www.vomkugelblitz.com/contact,"2062d0a4929b45348643784b5cb39c36@sentry.wixpress.com, FocusedCanineTraining@gmail.com, 605a7baede844d278b89dc95ae0a9123@sentry-next.wixpress.com, 8eb368c655b84e029ed79ad7a5c1718e@sentry.wixpress.com, 0e6a29e4756740a8a63493e912ba2174@sentry.wixpress.com, baf30a2b91654c5a840931f0137bed30@sentry.wixpress.com, 9a65e97ebe8141fca0c4fd686f70996b@sentry.wixpress.com, ed436f5053144538958ad06a5005e99a@sentry.wixpress.com, Jennifer@vomkugelblitz.com, 460ff4620fa44cba8df530afde949785@sentry.wixpress.com, 271e9fa3230b4eec94b02bf95780f5f2@sentry.wixpress.com, 8c4075d5481d476e945486754f783364@sentry.io"
https://www.monadnockbreeders.com/,info@monadnockbreeders.com
http://www.berkshiregoldendoodles.com/,user@domain.com
http://www.royalflushhavanese.com/,holly@royalflushhavanese.com
http://babblingbrookfarm.com/,"user@domain.com, babblingbrookfarm@msn.com"
http://deannaspapillonsusa.com/,Clarkd435@cs.com
http://standardpoodledog.com/,patchskindredk9@gmail.com
http://www.paradoxfamilydogs.com/contact.html,thegrinningdog@me.com
https://ctbreeder.com/,info@ctbreeder.com
http://www.graystonemanoress.com/,info@indiantypefoundry.com
https://www.universalpethome.com/french-bulldog-puppies-for-sale,"2062d0a4929b45348643784b5cb39c36@sentry.wixpress.com, 605a7baede844d278b89dc95ae0a9123@sentry-next.wixpress.com, 463991d7bca24f02a0baf16f9e6eda73@sentry.wixpress.com, 8eb368c655b84e029ed79ad7a5c1718e@sentry.wixpress.com, 5d1795a2db124a268f1e1bd88f503500@sentry.wixpress.com, example@mysite.com, universal.pet.home77@gmail.com, 18d2f96d279149989b95faf0a4b41882@sentry-next.wixpress.com, 8c4075d5481d476e945486754f783364@sentry.io"
http://www.nybreeder.com/,"info@nybreeder.com, info@NYBreeder.com"
https://puregoldenkennel.com/,"milnerjames890@gmail.com, info@puregoldenkennel.com"
https://www.puppypinups.com/,beth@puppypinups.com
http://3dpetsprosthetics.com/,info@3dpetsprosthetics.com
http://wapackpups.com/,"dd0a55ccb8124b9c9d938e3acf41f8aa@sentry.wixpress.com, 2062d0a4929b45348643784b5cb39c36@sentry.wixpress.com, 605a7baede844d278b89dc95ae0a9123@sentry-next.wixpress.com, 8eb368c655b84e029ed79ad7a5c1718e@sentry.wixpress.com, 9a65e97ebe8141fca0c4fd686f70996b@sentry.wixpress.com, ed436f5053144538958ad06a5005e99a@sentry.wixpress.com, c183baa23371454f99f417f6616b724d@sentry.wixpress.com, 460ff4620fa44cba8df530afde949785@sentry.wixpress.com, 271e9fa3230b4eec94b02bf95780f5f2@sentry.wixpress.com, wapackpups@gmail.com, 8c4075d5481d476e945486754f783364@sentry.io"
https://shadowspromise.com/contact,shadowspromiseraw@gmail.com
https://muddydogfarm.com/,"amkryukov@gmail.com, filler@godaddy.com, agustinamingote@gmail.com, themuddydogfarm@gmail.com"
http://www.napafreshfoodfordogs.com/,"2062d0a4929b45348643784b5cb39c36@sentry.wixpress.com, 605a7baede844d278b89dc95ae0a9123@sentry-next.wixpress.com, 463991d7bca24f02a0baf16f9e6eda73@sentry.wixpress.com, 8eb368c655b84e029ed79ad7a5c1718e@sentry.wixpress.com, 9a65e97ebe8141fca0c4fd686f70996b@sentry.wixpress.com, karen@highmeadow.farm, ed436f5053144538958ad06a5005e99a@sentry.wixpress.com, 5d1795a2db124a268f1e1bd88f503500@sentry.wixpress.com, 460ff4620fa44cba8df530afde949785@sentry.wixpress.com, 271e9fa3230b4eec94b02bf95780f5f2@sentry.wixpress.com, 18d2f96d279149989b95faf0a4b41882@sentry-next.wixpress.com, 8c4075d5481d476e945486754f783364@sentry.io"
http://kutyakennels.com/,"605a7baede844d278b89dc95ae0a9123@sentry-next.wixpress.com, eriksonenterprises@comcast.net, 2062d0a4929b45348643784b5cb39c36@sentry.wixpress.com"
https://topnotchpaws.com/,"puppies@topnotchpaws.com, you@email.com, grooming@topnotchpaws.com"
https://nfyorkies.com/,"dd0a55ccb8124b9c9d938e3acf41f8aa@sentry.wixpress.com, 605a7baede844d278b89dc95ae0a9123@sentry-next.wixpress.com, 8c30b2581acc426badc414e8a5dc04ef@sentry.wixpress.com, NFyorkies@gmail.com, 9a65e97ebe8141fca0c4fd686f70996b@sentry.wixpress.com, 8eb368c655b84e029ed79ad7a5c1718e@sentry.wixpress.com, bfb679c754744c58a7374ee6e25cfc13@sentry.wixpress.com, nfyorkies@gmail.com, 1eeb89147c984dc6bc3ffafd9e6cd089@sentry.wixpress.com, 5d1795a2db124a268f1e1bd88f503500@sentry.wixpress.com, c183baa23371454f99f417f6616b724d@sentry.wixpress.com, 78f7996315bc402f9dcb8a2f974b82d1@sentry.wixpress.com, 18d2f96d279149989b95faf0a4b41882@sentry-next.wixpress.com, 8c4075d5481d476e945486754f783364@sentry.io"
https://laurasdanesdoodles.com/,"laurasdanesanddoodles@gmail.com, Laurasdanesanddoodles@gmail.com"
https://bluedoglabsnh.com/,puppies@bluedoglabsnh.com
http://www.northeastpoodleanddoodle.com/,"Northeastpoodleanddoodle@gmail.com, micah@micahrich.com"
http://www.mulberryfarm.com/,"doginfo@westchesterk-9.com, angelwynd7@aol.com"
http://wagontailsfarm.com/,"user@domain.com, info@wagontailsfarm.com"
https://wildriverkennels.com/,info@wildriverkennels.com
https://www.northernpups.com/,"team@latofonts.com, impallari@gmail.com"
https://www.boogiespups.com/,"a8b4e0d410becb02f5981fc1a52eb81e@o60910.ingest.us.sentry.io, lancaster@boogiespups.com, grapevine@boogiespups.com"
http://www.dirtydogfarm.com/,support@dirtydogfarm.com
http://www.pippahspawschihuahuas.com/,info@indiantypefoundry.com
https://poeticfrenchbulldogs.com/,"info@poeticfrenchbulldogs.com, poeticfrenchbulldogs@outlook.com"
http://www.dogdaysnh.com/,"user@domain.com, jack@dogdaysnh.com"
https://honeydogfarm.com/,"img-03_672x@2x.jpg, improve-the-earth_dd6d6caa-bd07-4bdb-86e5-fda55a63ab67_672x@2x.png, 2_2_672x@2x.jpg, 3_672x@2x.jpg, 1_a57605c7-0d35-4e60-8a6e-c3fd86e620d5_672x@2x.jpg, img-02_672x@2x.png"
https://coldspringhealingpaws.org/,coldspringshealingpaws@gmail.com
http://www.bittersweetgoldendoodles.com/?utm_source=google&utm_medium=wix_google_business_profile&utm_campaign=4011871091210781710,"dd0a55ccb8124b9c9d938e3acf41f8aa@sentry.wixpress.com, 2062d0a4929b45348643784b5cb39c36@sentry.wixpress.com, 605a7baede844d278b89dc95ae0a9123@sentry-next.wixpress.com, bittersweetfarmnh@yahoo.com, 8c30b2581acc426badc414e8a5dc04ef@sentry.wixpress.com, 8eb368c655b84e029ed79ad7a5c1718e@sentry.wixpress.com, 5d1795a2db124a268f1e1bd88f503500@sentry.wixpress.com, c183baa23371454f99f417f6616b724d@sentry.wixpress.com, 18d2f96d279149989b95faf0a4b41882@sentry-next.wixpress.com, 8c4075d5481d476e945486754f783364@sentry.io"
https://thegoldengals.com/,ashleymac2121@yahoo.com
https://www.ryanhaus-kennel.com/,"605a7baede844d278b89dc95ae0a9123@sentry-next.wixpress.com, 8eb368c655b84e029ed79ad7a5c1718e@sentry.wixpress.com, 5d1795a2db124a268f1e1bd88f503500@sentry.wixpress.com, 8c4075d5481d476e945486754f783364@sentry.io, example@mysite.com, 18d2f96d279149989b95faf0a4b41882@sentry-next.wixpress.com, 2062d0a4929b45348643784b5cb39c36@sentry.wixpress.com"
http://www.southacreslabradors.com/,southacreskennel@gmail.com
http://www.casitadelosduendes.com/,"user@domain.com, Casitadelosduendes@gmail.com"
http://www.foxfiremas.net/,"605a7baede844d278b89dc95ae0a9123@sentry-next.wixpress.com, slrou2012@gmail.com, 8eb368c655b84e029ed79ad7a5c1718e@sentry.wixpress.com"
http://www.cripplecreekgermanshepherds.com/,fechtne@midtel.net
https://massdoodles.com/,PuppyInquiries@MABernedoodles.com
https://carlinsweinerhaus.com/,"hello@rfuenzalida.com, matt@pixelspread.com, astigma@astigmatic.com, impallari@gmail.com"
http://www.foxhillk9.com/,"filler@godaddy.com, team@latofonts.com, anapbm@gmail.com"
http://forestkingvizslas.com/,"info@forestkingvizslas.com, lemonad@jovanny.ru, team@latofonts.com, anapbm@gmail.com"
https://www.bestbernese.com/contact,"605a7baede844d278b89dc95ae0a9123@sentry-next.wixpress.com, 2062d0a4929b45348643784b5cb39c36@sentry.wixpress.com"
http://ctbreeder.com/,info@ctbreeder.com
http://powerhousemastiffs.com/,"info@indiantypefoundry.com, powerhousemastiffs@gmail.com"
http://westchesterfrenchbulldog.com/,westchesterfrenchbulldog@gmail.com
https://dagobahdobermans.com/,dagobah_12@hotmail.com
http://www.jhfstable.com/,support@jhfstable.com
https://www.lupinepet.com/,email@example.com
http://www.codys.dog/,"13e49d785d8d4f828038b6136f3b48ba@sentry.io, shop@codys.dog"
https://rawdino.com/,info@rawdino.com
http://www.plaiddogrecording.com/,"user@domain.com, INFO@PLAIDDOGRECORDING.COM, info@plaiddogrecording.com"
http://www.thedogcabinlg.com/,thedogcabinlg@yahoo.com
http://baddogtools.com/,"topdog@baddogtools.com, TopDog@baddogtools.com, user@example.com"
http://www.wlfsonline.com/,"cleanpaws@westlebanonsupply.com, delivery_wow_580x@2x.jpg, narrow_grain_sacks_wow_580x@2x.jpg, header_clean_paws_solo_100x@2x.png, alfalfa_580x@2x.png, americas_coolest_580x@2x.png, West_Lebanon_100th_Anniversary_100x@2x.png, info@westlebanonsupply.com"
http://www.bestofbuddiespetcare.com/,info@bestofbuddiespetcare.com
http://www.dogeatcake.com/,"user@domain.com, woof@dogeatcake.com"
https://www.cobberdogsrus.com/,calli@stonewall-manor.com
https://www.ceriseenglishspringerspaniels.com/,"ceriseess55@gmail.com, 605a7baede844d278b89dc95ae0a9123@sentry-next.wixpress.com"
http://www.allamericanbreedersinc.com/,info@allamericanbreedersinc.com
http://www.handyhilllabradors.com/,"hello@rfuenzalida.com, handyhilllabs@aol.com, team@latofonts.com, impallari@gmail.com"
http://www.robyngoldens.com/,"dd0a55ccb8124b9c9d938e3acf41f8aa@sentry.wixpress.com, 605a7baede844d278b89dc95ae0a9123@sentry-next.wixpress.com, c183baa23371454f99f417f6616b724d@sentry.wixpress.com, mbmccann@comcast.net, 8c4075d5481d476e945486754f783364@sentry.io"
https://tailorcutmedia.com/,hello@tailorcutmedia.com
https://www.puppydoody.com/,Service@puppydoody.com
https://www.dogbutlerct.com/,"DogButlerCT@gmail.com, dogbutlerct@gmail.com"
http://deepwaterhotdogs.com/,"user@domain.com, deepwaterdogs2019@gmail.com"
https://canocorsokennels.com/,"info@canocorsokennels.com, canocorsokennels@yahoo.com"
https://olympiancanecorso.com/,team@chroniccreative.co
https://andersonk9kennels.com/,andersonk9kennels@gmail.com
http://damonskennel.com/,"cpaludi@gsinet.net, team@latofonts.com, anapbm@gmail.com"
http://quincy.htmlplanet.com/Index.html,quincycollies@yahoo.com
https://www.sugarplumbulldogs.com/,morgan@sugarplumbulldogs.com
http://www.canallabradors.com/,"Puppyinfo@canallabradors.com, puppyinfo@canallabradors.com"
http://www.stormcloudshepherds.com/,stormcloudshepherds@gmail.com
http://www.barefootgoldens.com/contact-us/,"info@barefootgoldens.com, areimers24@gmail.com"
https://bobosbestkennels.com/,contactus@bobosbestkennels.com
https://funkypuppyproductions.com/,FunkyPuppyProductions@gmail.com
https://www.granitestategundogs.com/,"user@domain.com, granitestategundogs@gmail.com"
http://www.signaturegoldgoldens.com/,signaturegoldgoldens@gmail.com
https://minigoldendoodlesofcapecodllc.com/,mary.minigoldendoodlesofcapecod@gmail.com
http://www.labradoodles-nj.com/,englishmanorlabradoodles@yahoo.com
https://www.draycotmeadows.com/,"user@domain.com, draycotmeadows@gmail.com"
https://www.tatniclandshihtzu.com/?utm_source=google&utm_medium=wix_google_business_profile&utm_campaign=5008871734092984106,"dd0a55ccb8124b9c9d938e3acf41f8aa@sentry.wixpress.com, 2062d0a4929b45348643784b5cb39c36@sentry.wixpress.com, 605a7baede844d278b89dc95ae0a9123@sentry-next.wixpress.com, 8eb368c655b84e029ed79ad7a5c1718e@sentry.wixpress.com, 9a65e97ebe8141fca0c4fd686f70996b@sentry.wixpress.com, ed436f5053144538958ad06a5005e99a@sentry.wixpress.com, c183baa23371454f99f417f6616b724d@sentry.wixpress.com, 460ff4620fa44cba8df530afde949785@sentry.wixpress.com, 271e9fa3230b4eec94b02bf95780f5f2@sentry.wixpress.com, 8c4075d5481d476e945486754f783364@sentry.io"
http://www.northeastkennels.com/,NortheastKennels@comcast.net
https://goldivagoldens.com/,"K9Goldiva@gmail.com, ggg-title@2x.png"
http://indiantrailgoldenretrievers.com/,"info@indiantrailgoldenretrievers.com, hudson@2x.jpg"
http://www.ciriuskennels.com/,ciriuskennels@yahoo.com
http://www.alpha-n-omega-dalmatians.com/,spotseverywhere@alpha-n-omega-dalmatians.com
http://www.bentleysgoldendoodles.com/,"filler@godaddy.com, team@latofonts.com, impallari@gmail.com"
https://www.eaglesnestbernedoodles.com/,"605a7baede844d278b89dc95ae0a9123@sentry-next.wixpress.com, 8eb368c655b84e029ed79ad7a5c1718e@sentry.wixpress.com, 5d1795a2db124a268f1e1bd88f503500@sentry.wixpress.com, 9b2d036865304345b559aff283cf26f3@sentry.wixpress.com, 88170cb0c9d64f94b5821ca7fd2d55a4@sentry-next.wixpress.com, ejfsmd@aol.com, 18d2f96d279149989b95faf0a4b41882@sentry-next.wixpress.com, 2062d0a4929b45348643784b5cb39c36@sentry.wixpress.com"
https://collinswoodk9.com/,ck9@collinswoodk9.com
https://johnsoaresk9training.com/?utm_campaign=gmb,jsoares@johnsoaresk9training.com
https://sites.google.com/view/deborahjohnsonfamily/home,Deborahjohnsonfamily@gmail.com
http://www.housebreeders.com/,"dd0a55ccb8124b9c9d938e3acf41f8aa@sentry.wixpress.com, 79baaa8e09c746d2b7401643b99792e0@sentry.wixpress.com, 605a7baede844d278b89dc95ae0a9123@sentry-next.wixpress.com, 8c30b2581acc426badc414e8a5dc04ef@sentry.wixpress.com, 8eb368c655b84e029ed79ad7a5c1718e@sentry.wixpress.com, 0e6a29e4756740a8a63493e912ba2174@sentry.wixpress.com, baf30a2b91654c5a840931f0137bed30@sentry.wixpress.com, 9a65e97ebe8141fca0c4fd686f70996b@sentry.wixpress.com, ed436f5053144538958ad06a5005e99a@sentry.wixpress.com, c183baa23371454f99f417f6616b724d@sentry.wixpress.com, 460ff4620fa44cba8df530afde949785@sentry.wixpress.com, 271e9fa3230b4eec94b02bf95780f5f2@sentry.wixpress.com, f36cc48fb72b4d298c835f2793cf3b84@sentry-next.wixpress.com, 8c4075d5481d476e945486754f783364@sentry.io"
https://newhampshiregoldendoodles.com/,"amkryukov@gmail.com, impallari@gmail.com, jonpinhorn.typedesign@gmail.com"
http://www.poodlerescuect.org/,"user@domain.com, poodlerescuect@yahoo.com"
https://www.saltydogsgoldens.com/index.html,"saltydogsgoldens@gmail.com, SAltyDogsGoldens@gmail.com, saltymainecoonkittens@gmail.com, SaltyDogsGoldens@gmail.com"
http://northshorefrenchies.net/,hakimaamr@yahoo.com
https://www.silverpinespups.com/,"dd0a55ccb8124b9c9d938e3acf41f8aa@sentry.wixpress.com, 605a7baede844d278b89dc95ae0a9123@sentry-next.wixpress.com, 8eb368c655b84e029ed79ad7a5c1718e@sentry.wixpress.com, 9a65e97ebe8141fca0c4fd686f70996b@sentry.wixpress.com, 5d1795a2db124a268f1e1bd88f503500@sentry.wixpress.com, c183baa23371454f99f417f6616b724d@sentry.wixpress.com, 18d2f96d279149989b95faf0a4b41882@sentry-next.wixpress.com, Silverpinespups@gmail.com, 8c4075d5481d476e945486754f783364@sentry.io"
https://www.serenityridgepuppies.com/?utm_source=google&utm_medium=wix_google_business_profile&utm_campaign=16215703517021285649,"605a7baede844d278b89dc95ae0a9123@sentry-next.wixpress.com, 8eb368c655b84e029ed79ad7a5c1718e@sentry.wixpress.com, wagnmore@gmail.com, 5d1795a2db124a268f1e1bd88f503500@sentry.wixpress.com, 18d2f96d279149989b95faf0a4b41882@sentry-next.wixpress.com, 2062d0a4929b45348643784b5cb39c36@sentry.wixpress.com"
https://www.luckydoglabradoodles.com/,luckydoglabradoodles@yahoo.com
http://www.majestyshihtzus.com/,"Majestyshihtzus@gmail.com, micah@micahrich.com"
https://www.flatrockkennels.com/,adoptions@flatrockkennels.com
https://axolotlplanet.com/,"your@email.com, info@axolotlplanet.com"
https://luxuryteacupuppies.com/,info@luxuryteacupuppies.com
https://boogiespups.com/,"a8b4e0d410becb02f5981fc1a52eb81e@o60910.ingest.us.sentry.io, lancaster@boogiespups.com, grapevine@boogiespups.com"
https://www.platinumpets.org/,"user@domain.com, darla@platinumpets.org"
http://alaskacanecorso.com/,michelled1968@yahoo.com
https://www.nps.gov/dena/planyourvisit/kennels.htm,app-promo-phones@2x.png
http://www.cookinletkennelclub.org/,saramaydennison@gmail.com
https://www.flowerkennel.com/,"Iris@flowerkennel.com, iris@flowerkennel.com"
http://www.kenaikennelclub.com/,"kenaikennelclub@gmail.com, kkc@starband.net"
https://youtube.com/@AKCORGIS?si=vmmOnUPpcvD-HfUp,jefcaswll@gmail.com
https://dirtydoggskennel.com/,"dd0a55ccb8124b9c9d938e3acf41f8aa@sentry.wixpress.com, 2062d0a4929b45348643784b5cb39c36@sentry.wixpress.com, 605a7baede844d278b89dc95ae0a9123@sentry-next.wixpress.com, 9a65e97ebe8141fca0c4fd686f70996b@sentry.wixpress.com, ed436f5053144538958ad06a5005e99a@sentry.wixpress.com, 5d1795a2db124a268f1e1bd88f503500@sentry.wixpress.com, c183baa23371454f99f417f6616b724d@sentry.wixpress.com, 78f7996315bc402f9dcb8a2f974b82d1@sentry.wixpress.com, 460ff4620fa44cba8df530afde949785@sentry.wixpress.com, 271e9fa3230b4eec94b02bf95780f5f2@sentry.wixpress.com, 18d2f96d279149989b95faf0a4b41882@sentry-next.wixpress.com, 8c4075d5481d476e945486754f783364@sentry.io"
http://www.sundogkennel.com/,mush@sundogkennel.com
https://northstargemspragueratters.com/?utm_campaign=gmb,"jonesbambi@icloud.com, northstargemspragues@gmail.com"
http://www.galavantingpoodles.com/,"user@domain.com, melissa@galavantingpoodles.com"
http://www.alaskabeagleranch.org/,"info@alaskabeagleranch.org, info@AlaskaBeagleRanch.org"
https://bestfriendsroadhouse.org/,"605a7baede844d278b89dc95ae0a9123@sentry-next.wixpress.com, 8eb368c655b84e029ed79ad7a5c1718e@sentry.wixpress.com, 8c4075d5481d476e945486754f783364@sentry.io"
https://www.dreamlandtours.net/,"Earth-heart@3x-300x300.png, Grand-canyon@3x-300x300.png, Tour-Guide@3x-300x300.png, hello@dreamlandtours.net, johnsmith@example.com"
http://www.ketchikanhumanesociety.org/contact/,"user@domain.com, ktnhumanesociety@yahoo.com"
http://stonetreevet.com/,stonetreevet@gmail.com
https://www.brewersdanesanddoodles.com/,"dd0a55ccb8124b9c9d938e3acf41f8aa@sentry.wixpress.com, 605a7baede844d278b89dc95ae0a9123@sentry-next.wixpress.com, Taylor2315@hotmail.com, 9a65e97ebe8141fca0c4fd686f70996b@sentry.wixpress.com, 8eb368c655b84e029ed79ad7a5c1718e@sentry.wixpress.com, brewersdanesanddoodles@gmail.com, cd64ba1f47df485bba2b0076c0dd3b25@sentry.wixpress.com, 5d1795a2db124a268f1e1bd88f503500@sentry.wixpress.com, c183baa23371454f99f417f6616b724d@sentry.wixpress.com, 18d2f96d279149989b95faf0a4b41882@sentry-next.wixpress.com, 8c4075d5481d476e945486754f783364@sentry.io"
https://www.purebreedspuppies.com/,"breederspurebred@gmail.com, mymail@mailservice.com, info@purebreedspuppies.com"
https://puppyplaceusashop.com/,info@zuiton.com
https://www.northstardogmushing.com/,"user@domain.com, fo@northstardogmushing.com, info@northstardogmushing.com"
http://www.chenaoutdoorco.com/,"chenaoutdoorco@gmail.com, user@domain.com"
http://www.goldenheartboarding.com/,ghbga@mosquitonet.com
https://www.coldspotfeeds.com/,user@domain.com
https://sites.google.com/view/chelseas-pet-resort/home,chelseaspetresortak@gmail.com
http://www.blacksprucedogsledding.com/,blacksprucedogsledding@gmail.com
https://www.northerntailsgrooming.com/,"dd0a55ccb8124b9c9d938e3acf41f8aa@sentry.wixpress.com, 605a7baede844d278b89dc95ae0a9123@sentry-next.wixpress.com, 463991d7bca24f02a0baf16f9e6eda73@sentry.wixpress.com, d1bbe4458f884c6ba40890087b9ca2f9@sentry.wixpress.com, 8eb368c655b84e029ed79ad7a5c1718e@sentry.wixpress.com, 9a65e97ebe8141fca0c4fd686f70996b@sentry.wixpress.com, 7025fe2ce4ed466a9751d9607bc63a44@sentry.wixpress.com, 5d1795a2db124a268f1e1bd88f503500@sentry.wixpress.com, 8c4075d5481d476e945486754f783364@sentry.io, c183baa23371454f99f417f6616b724d@sentry.wixpress.com, 78f7996315bc402f9dcb8a2f974b82d1@sentry.wixpress.com, nickhubach@outlook.com, f40a036b055640d1bcedf51ca04aa73a@sentry.wixpress.com, 18d2f96d279149989b95faf0a4b41882@sentry-next.wixpress.com, janabutman@gmail.com"
https://pawsforadventure.com/,dogs@pawsforadventure.com
http://www.billcotterkennel.com/,bckennel@mtaonline.net
http://fairbanksdogsledrides.com/,"mushwithus@gmail.com, impallari@gmail.com"
https://pleasantacresrr.com/,"user@domain.com, info@pleasantacresrr.com"
https://rae-rescue.square.site/,"raerescue@gmail.com, 13e49d785d8d4f828038b6136f3b48ba@sentry.io"
https://www.riverboatdiscovery.com/,info@riverboatdiscovery.com
http://cathlairfarms.net/,"cathlairfarms@yahoo.com, 605a7baede844d278b89dc95ae0a9123@sentry-next.wixpress.com"
http://www.akgrownspirits.com/,"88170cb0c9d64f94b5821ca7fd2d55a4@sentry-next.wixpress.com, 9a65e97ebe8141fca0c4fd686f70996b@sentry.wixpress.com, 605a7baede844d278b89dc95ae0a9123@sentry-next.wixpress.com, 8c4075d5481d476e945486754f783364@sentry.io"
https://www.moondogkennel.com/,"user@domain.com, moondogkennelak@gmail.com"
https://www.paradiseranchllc.com/,"dd0a55ccb8124b9c9d938e3acf41f8aa@sentry.wixpress.com, val@paradiseranchllc.com, 605a7baede844d278b89dc95ae0a9123@sentry-next.wixpress.com, 8eb368c655b84e029ed79ad7a5c1718e@sentry.wixpress.com, 9a65e97ebe8141fca0c4fd686f70996b@sentry.wixpress.com, c183baa23371454f99f417f6616b724d@sentry.wixpress.com, 8c4075d5481d476e945486754f783364@sentry.io"
http://www.49thstatekennels.com/,info@49thstatekennels.com
https://www.happyhorseanddogpetresort.com/,hhdpetresort@gmail.com
https://copperriverbrewing.com/,"copperriverbrewingmanager@gmail.com, copperriverbrew@gmail.com"
https://www.k4kennels.com/,"dd0a55ccb8124b9c9d938e3acf41f8aa@sentry.wixpress.com, 605a7baede844d278b89dc95ae0a9123@sentry-next.wixpress.com, 8eb368c655b84e029ed79ad7a5c1718e@sentry.wixpress.com, 9a65e97ebe8141fca0c4fd686f70996b@sentry.wixpress.com, c183baa23371454f99f417f6616b724d@sentry.wixpress.com, 8c4075d5481d476e945486754f783364@sentry.io"
http://www.bettleslodge.com/new/index.html,info@bettleslodge.com
http://www.mauianimalfarm.com/,mauianimalfarm@gmail.com
https://www.noblewolfgermanshepherds.com/,"605a7baede844d278b89dc95ae0a9123@sentry-next.wixpress.com, 79baaa8e09c746d2b7401643b99792e0@sentry.wixpress.com, 8c30b2581acc426badc414e8a5dc04ef@sentry.wixpress.com, 8eb368c655b84e029ed79ad7a5c1718e@sentry.wixpress.com, 9a65e97ebe8141fca0c4fd686f70996b@sentry.wixpress.com, baf30a2b91654c5a840931f0137bed30@sentry.wixpress.com, 0e6a29e4756740a8a63493e912ba2174@sentry.wixpress.com, ed436f5053144538958ad06a5005e99a@sentry.wixpress.com, 460ff4620fa44cba8df530afde949785@sentry.wixpress.com, 271e9fa3230b4eec94b02bf95780f5f2@sentry.wixpress.com, brian@noblewolfgermanshepherds.com, f36cc48fb72b4d298c835f2793cf3b84@sentry-next.wixpress.com, 8c4075d5481d476e945486754f783364@sentry.io"
http://whyyougottajealous.webador.com/,support@webador.com
http://www.puuohoku.com/,"user@domain.com, info@puuohoku.com"
https://www.jujuskennels.com/?utm_source=google&utm_medium=wix_google_business_profile&utm_campaign=15680040619518459732,"605a7baede844d278b89dc95ae0a9123@sentry-next.wixpress.com, Jujuskennels@gmail.com, 8eb368c655b84e029ed79ad7a5c1718e@sentry.wixpress.com"
https://susitnasleddogs.com/?utm_source=Organic&utm_medium=GMB&utm_campaign=Organic&utm_id=GMB,susitnasleddogadventures@gmail.com
https://akhusky.dog/,"user@domain.com, TeamMatthewFailor@gmail.com, info@akhusky.dog, info@ahusky.dog"
http://burntpaw.com/,"13e49d785d8d4f828038b6136f3b48ba@sentry.io, burntpawtokak@gmail.com, nburntpawtokak@gmail.com"
https://www.vegasborndoodles.com/,Vegasborndoodles@gmail.com
https://www.alohalabradoodles.com/,micah@micahrich.com
https://www.pauhanapetresort.com/,"user@domain.com, pauhanapets@gmail.com"
http://www.yakutatlodge.com/,"peakrunmedia@gmail.com, fish@yakutatlodge.com"
https://hawaii.armymwr.com/programs/family-and-mwr-pet-kennels,himwrpetkennels@gmail.com
https://koolaubedandbiscuit.com/,impallari@gmail.com
http://campkibble.com/,"user@domain.com, luckydog96795@aol.com"
https://www.tailsofhawaii.com/index.html?utm_source=GMBAHUA&utm_medium=SOCIAL&utm_term=GMBLINK&utm_content=GMBAHUALINKID,reservations@tailsofhawaii.com
https://koolaupetstore.com/,impallari@gmail.com
https://www.k9kokua.org/,info@k9kokua.org
http://www.petschoiceveterinaryhospital.com/,pcvhreception@gmail.com
https://www.skagwayweeniewagon.com/,skagwayweeniewagon@gmail.com
http://www.alaska3sixty.com/,info@alaska3sixty.com
http://www.midnightsunexcursions.com/,MidnightSunExcursions@gmail.com
https://beyondskagwaytours.com/,info@beyondskagwaytours.com
http://www.skagway.tours/,info@skagway.tours
https://klondiketours.com/,"user@domain.com, klondiketours.castle@gmail.com"
http://chilkootcharters.com/,"tours@chilkootcharters.com, alaska-tours@hotmail.com"
https://www.cobaltkennels.com/,cobaltkennels@gmail.com
https://lovebugfarm808.com/,"dd0a55ccb8124b9c9d938e3acf41f8aa@sentry.wixpress.com, lovebugfarm808@gmail.com, 2062d0a4929b45348643784b5cb39c36@sentry.wixpress.com, 605a7baede844d278b89dc95ae0a9123@sentry-next.wixpress.com, 79baaa8e09c746d2b7401643b99792e0@sentry.wixpress.com, 8c30b2581acc426badc414e8a5dc04ef@sentry.wixpress.com, 8eb368c655b84e029ed79ad7a5c1718e@sentry.wixpress.com, 9a65e97ebe8141fca0c4fd686f70996b@sentry.wixpress.com, ed436f5053144538958ad06a5005e99a@sentry.wixpress.com, 5d1795a2db124a268f1e1bd88f503500@sentry.wixpress.com, c183baa23371454f99f417f6616b724d@sentry.wixpress.com, 460ff4620fa44cba8df530afde949785@sentry.wixpress.com, email@example.com, 271e9fa3230b4eec94b02bf95780f5f2@sentry.wixpress.com, 18d2f96d279149989b95faf0a4b41882@sentry-next.wixpress.com, 8c4075d5481d476e945486754f783364@sentry.io"
http://www.kukinidogagility.com/,info@kukinidogagility.com
http://www.dustydogtraining.com/,"dave@lab6.com, hi@typemade.mx, filler@godaddy.com, dustydogtraining808@gmail.com"
http://www.clearbrook-kennels.com/,clearbrookkennels@gmail.com
http://kauaihumane.org/,"customerservice@kauaihumane.org, support@kauaihumane.org, rebecca@kauaihumane.org"
http://hawaiisiamese.com/,charlee@kaluamoafarms.com
http://www.barkbarkbackyard.com/,info@barkbarkbackyard.com
https://kauaipetboardandgroom.com/,KauaiPetServices@gmail.com
http://kauaisafaris.com/,Info@kauaisafaris.com
http://www.alaskadogworks.com/,train@alaskadogworks.com
https://www.samsgiantdogs.com/,samsgiantdogs@gmail.com
https://pupcountrymaui.com/,"user@domain.com, PupcountryMaui@gmail.com"
https://ohanaranchmaui.com/,contact@ohanaranchmaui.com
https://www.olowaludogranch.com/,"dd0a55ccb8124b9c9d938e3acf41f8aa@sentry.wixpress.com, 2062d0a4929b45348643784b5cb39c36@sentry.wixpress.com, 605a7baede844d278b89dc95ae0a9123@sentry-next.wixpress.com, 79baaa8e09c746d2b7401643b99792e0@sentry.wixpress.com, 8eb368c655b84e029ed79ad7a5c1718e@sentry.wixpress.com, 9a65e97ebe8141fca0c4fd686f70996b@sentry.wixpress.com, ed436f5053144538958ad06a5005e99a@sentry.wixpress.com, 5d1795a2db124a268f1e1bd88f503500@sentry.wixpress.com, c183baa23371454f99f417f6616b724d@sentry.wixpress.com, c098db2425c540d3982e073ae7fc4c9a@sentry.wixpress.com, 460ff4620fa44cba8df530afde949785@sentry.wixpress.com, 271e9fa3230b4eec94b02bf95780f5f2@sentry.wixpress.com, 18d2f96d279149989b95faf0a4b41882@sentry-next.wixpress.com, info@olowaludogranch.com, 8c4075d5481d476e945486754f783364@sentry.io"
https://www.puakearanch.com/,"user@domain.com, aloha@puakearanch.com"
https://www.islandboykennelz.com/,support@webador.com
https://dogsportsmiami.com/,"dd0a55ccb8124b9c9d938e3acf41f8aa@sentry.wixpress.com, 605a7baede844d278b89dc95ae0a9123@sentry-next.wixpress.com, fb7021d5d7ff41d9bf308f676c058fb5@sentry.wixpress.com, 9a65e97ebe8141fca0c4fd686f70996b@sentry.wixpress.com, 8eb368c655b84e029ed79ad7a5c1718e@sentry.wixpress.com, 5d1795a2db124a268f1e1bd88f503500@sentry.wixpress.com, c183baa23371454f99f417f6616b724d@sentry.wixpress.com, 78f7996315bc402f9dcb8a2f974b82d1@sentry.wixpress.com, k9tropics@gmail.com, 18d2f96d279149989b95faf0a4b41882@sentry-next.wixpress.com, 8c4075d5481d476e945486754f783364@sentry.io"
http://controlcanine.com/,"info@controlcanine.com, Info@controlcanine.com"
https://www.puppymansionmiami.com/,support@puppymansionmiami.com
https://premierteacuppups.com/dachshund-puppies-for-sale/,info@premierteacuppups.com
http://www.tropicalcavaliers.com/,tropicalcavaliers@gmail.com
http://www.voncalvo.com/,voncalvo@aol.com
http://www.normandybostonterriers.com/,"lemonad@jovanny.ru, team@latofonts.com, impallari@gmail.com"
https://floridacanine.com/,contact@floridacanine.com
http://www.holmhaven.com/,"holmhaven@aol.com, Holmhaven@aol.com"
https://www.nickspuppies.com/,"dd0a55ccb8124b9c9d938e3acf41f8aa@sentry.wixpress.com, 2062d0a4929b45348643784b5cb39c36@sentry.wixpress.com, 605a7baede844d278b89dc95ae0a9123@sentry-next.wixpress.com, fb7021d5d7ff41d9bf308f676c058fb5@sentry.wixpress.com, Nickspuppiesllc@gmail.com, 9a65e97ebe8141fca0c4fd686f70996b@sentry.wixpress.com, 8eb368c655b84e029ed79ad7a5c1718e@sentry.wixpress.com, 7025fe2ce4ed466a9751d9607bc63a44@sentry.wixpress.com, c183baa23371454f99f417f6616b724d@sentry.wixpress.com, 78f7996315bc402f9dcb8a2f974b82d1@sentry.wixpress.com, 8c4075d5481d476e945486754f783364@sentry.io"
https://myparadisepuppies.com/,myparadisepuppies@gmail.com
https://ezgoldens.godaddysites.com/,"info@indiantypefoundry.com, ez@ezgoldens.com"
http://ruffrules.com/,user@domain.com
https://durank9training.com/,duransk9training@gmail.com
http://www.platinumpupsofmiami.com/,platinumpupsofmiami@gmail.com
https://puppiesbyz.com/,"hello@rfuenzalida.com, impallari@gmail.com"
https://k-9specialist.com/,k9specialist.du@gmail.com
https://valpets.com/pomeranian,info@valpets.com
https://bayfrontparkmiami.com/dogs-cats-walkway/,"user@domain.com, ArHernandez@miamigov.com"
http://www.controlyourk9.com/,info@controlyourk9.com
https://barksquare.com/,info@barksquare.com
http://petgroomingschoolmiami.com/,"banners-4@1x.webp, banners-1@1x.webp, banners-3@1x.webp, banners-2@1x.webp"
http://caninecountryclubmiami.com/,ccc@petlimo.com
https://homeofbarkersandbows.com/,"filler@godaddy.com, sebastian@aldusleaf.org"
http://miamigermanshepherds.com/,hi@typemade.mx
https://www.scenthound.com/pinecrest,"user@domain.com, 7c6943cff5a1329faf6d16416cff2b3f@o4508931530031104.ingest.us.sentry.io"
http://woofgangbakery.com/pages/locations/kendall,kendall@woofgangbakery.com
http://www.pepelepooche.com/,"dd0a55ccb8124b9c9d938e3acf41f8aa@sentry.wixpress.com, 2062d0a4929b45348643784b5cb39c36@sentry.wixpress.com, info@pepelepooche.com, 605a7baede844d278b89dc95ae0a9123@sentry-next.wixpress.com, 79baaa8e09c746d2b7401643b99792e0@sentry.wixpress.com, 8eb368c655b84e029ed79ad7a5c1718e@sentry.wixpress.com, 9a65e97ebe8141fca0c4fd686f70996b@sentry.wixpress.com, ed436f5053144538958ad06a5005e99a@sentry.wixpress.com, cd64ba1f47df485bba2b0076c0dd3b25@sentry.wixpress.com, 5d1795a2db124a268f1e1bd88f503500@sentry.wixpress.com, support@schedulista.com, c183baa23371454f99f417f6616b724d@sentry.wixpress.com, 460ff4620fa44cba8df530afde949785@sentry.wixpress.com, customerservice@pepelepoocheresortandspa.com, 271e9fa3230b4eec94b02bf95780f5f2@sentry.wixpress.com, 18d2f96d279149989b95faf0a4b41882@sentry-next.wixpress.com, a18507e8883842d8a1ba47257fee81ac@sentry.wixpress.com, 8c4075d5481d476e945486754f783364@sentry.io"
https://gorgeouspuppiesandkittens.com/,gorgeouspuppiesandkittens@gmail.com
http://carolinebassetpuppies.com/,contact@carolinebassetpuppies.com
http://www.championdogtraining.com/,"mike@championdogtraining.com, email@yoursite.com"
https://www.pettraveltransport.com/,info@pettraveltransport.com
http://www.socialpawzftl.com/,info@socialpawz.com
http://theacdt.com/,"dd0a55ccb8124b9c9d938e3acf41f8aa@sentry.wixpress.com, 2062d0a4929b45348643784b5cb39c36@sentry.wixpress.com, avi@theacdt.com, 605a7baede844d278b89dc95ae0a9123@sentry-next.wixpress.com, bfb679c754744c58a7374ee6e25cfc13@sentry.wixpress.com, 9a65e97ebe8141fca0c4fd686f70996b@sentry.wixpress.com, ed436f5053144538958ad06a5005e99a@sentry.wixpress.com, 5d1795a2db124a268f1e1bd88f503500@sentry.wixpress.com, c183baa23371454f99f417f6616b724d@sentry.wixpress.com, 78f7996315bc402f9dcb8a2f974b82d1@sentry.wixpress.com, 460ff4620fa44cba8df530afde949785@sentry.wixpress.com, 271e9fa3230b4eec94b02bf95780f5f2@sentry.wixpress.com, 18d2f96d279149989b95faf0a4b41882@sentry-next.wixpress.com, 8c4075d5481d476e945486754f783364@sentry.io"
http://doberescue.net/,savethedobes@aol.com
http://www.catdogs.org/,info@catdogs.org
https://www.dogtopia.com/fortlauderdale-northeast?utm_source=Google&utm_medium=Organic&utm_campaign=Google_Business_Profile,info@dogtopia.com
http://k954dogtraining.com/,"K954dogtraining@gmail.com, k954dogtraining@gmail.com"
https://www.dogtopia.com/fortlauderdale-downtown/,info@dogtopia.com
https://realroyalbullies.godaddysites.com/,typesetit@att.net
https://unleashdk9.com/,unleashdk9@gmail.com
https://bauserspettraining.com/,info@bauserspettraining.com
https://www.puppiesandcats.com/,"user@domain.com, morkieman@yahoo.com, Morkieman@yahoo.com"
https://www.poggisanimalhouse.com/,"info@poggisanimalhouse.com, flags@2x.png"
https://www.petparadise.com/ft-lauderdale.htm,"ftl@petparadiseresort.com, ftl@petparadise.com"
https://acuareladogranchusa.com/,"team@latofonts.com, impallari@gmail.com"
http://breedmasterdogtraining.com/,"hello@rfuenzalida.com, impallari@gmail.com"
https://pacifick9.com/,help@pacificK9dogtraining.com
https://www.hollyacrespetresort.com/,hollyacrespetresort@gmail.com
http://countryinnpetresort.com/,contact@countryinnpetresort.com
https://www.fourpawsinn.co/?utm_campaign=gmb,"2062d0a4929b45348643784b5cb39c36@sentry.wixpress.com, 605a7baede844d278b89dc95ae0a9123@sentry-next.wixpress.com, 79baaa8e09c746d2b7401643b99792e0@sentry.wixpress.com, 8eb368c655b84e029ed79ad7a5c1718e@sentry.wixpress.com, 9a65e97ebe8141fca0c4fd686f70996b@sentry.wixpress.com, 5d1795a2db124a268f1e1bd88f503500@sentry.wixpress.com, info@fourpawsinn.co, fourpawsinnpetboarding@gmail.com, example@mysite.com, 78f7996315bc402f9dcb8a2f974b82d1@sentry.wixpress.com, info@fourpawsinn.com, 18d2f96d279149989b95faf0a4b41882@sentry-next.wixpress.com, a18507e8883842d8a1ba47257fee81ac@sentry.wixpress.com, 8c4075d5481d476e945486754f783364@sentry.io"
https://www.acountrycathouse.com/,mycat@acountrycathouse.com
http://www.equipawspetservices.com/,info@equipawspetservices.com
http://www.petgroves.com/,"2062d0a4929b45348643784b5cb39c36@sentry.wixpress.com, 605a7baede844d278b89dc95ae0a9123@sentry-next.wixpress.com, 79baaa8e09c746d2b7401643b99792e0@sentry.wixpress.com, 8c30b2581acc426badc414e8a5dc04ef@sentry.wixpress.com, 8eb368c655b84e029ed79ad7a5c1718e@sentry.wixpress.com, 9a65e97ebe8141fca0c4fd686f70996b@sentry.wixpress.com, ed436f5053144538958ad06a5005e99a@sentry.wixpress.com, 5d1795a2db124a268f1e1bd88f503500@sentry.wixpress.com, 460ff4620fa44cba8df530afde949785@sentry.wixpress.com, 271e9fa3230b4eec94b02bf95780f5f2@sentry.wixpress.com, 18d2f96d279149989b95faf0a4b41882@sentry-next.wixpress.com, 8c4075d5481d476e945486754f783364@sentry.io"
http://www.mydogmiami.com/,"mydogpinecrest@gmail.com, sebastian@aldusleaf.org, info@mydogmiami.com"
https://freak-of-nature-kennels.ueniweb.com/?utm_campaign=gmb,evereadysolutions@yahoo.com
http://petgroomingbyauntdorys.secureserversites.net/,"filler@godaddy.com, info@ndiscovered.com"
http://www.palacepetgrooming.com/,"info@indiantypefoundry.com, filler@godaddy.com"
https://www.3dk9detection.com/?utm_source=localfx&utm_medium=organic&utm_campaign=gmb,info@3dk9detection.com
https://fitandgopets.com/,"Fit_GoPets_Logo_Icon_6399e22c-a4c2-4fbf-b206-db699be186c4_110x@2x.png, woof@fitandgopets.com, Logo_TOP_90x@2x.gif, Fit_GoPets_Logo_Primary_OnBlack_90x@2x.png, Logo_TOP_120x@2x.gif, Fit_GoPets_Logo_Primary_OnBlack_120x@2x.png"
https://acacenter.us/,info@acacenter.us
http://maisonmiamicattery.com/,maisoncattery@gmail.com
https://chroma-hy-bullyz-llc.ueniweb.com/?utm_campaign=gmb,"chromahybullyzllc@icloud.com, Info@ChromaHyBullyz.com"
http://www.animalcrackersdelivers.com/,Animal-Crackers-Logo-Long-01_500x@2x.png
https://sites.google.com/view/miamis-boujee-schnauzers/home,miamisboujeeschnauzers@gmail.com
http://www.lepetsalon.net/,info@lepetsalon.net
https://royaltypuppies.net/?utm_source=google&utm_medium=wix_google_business_profile&utm_campaign=14154584642993585323,"605a7baede844d278b89dc95ae0a9123@sentry-next.wixpress.com, 79baaa8e09c746d2b7401643b99792e0@sentry.wixpress.com, 0e6a29e4756740a8a63493e912ba2174@sentry.wixpress.com, Info@royaltypuppies.net, baf30a2b91654c5a840931f0137bed30@sentry.wixpress.com, 9a65e97ebe8141fca0c4fd686f70996b@sentry.wixpress.com, ed436f5053144538958ad06a5005e99a@sentry.wixpress.com, info@mysite.com, 460ff4620fa44cba8df530afde949785@sentry.wixpress.com, 271e9fa3230b4eec94b02bf95780f5f2@sentry.wixpress.com, a18507e8883842d8a1ba47257fee81ac@sentry.wixpress.com, 8c4075d5481d476e945486754f783364@sentry.io"
