title,website,phone,postalCode,city,state,state,countryCode
Rebecca Premium Puppies,https://rollypremiumpups.com/,+1 724-249-4760,10012,Bronx,New York,NY,US
Cane Corso Puppies,https://canecorsopupsforsale.com/,,10002,New York,New York,NY,US
Pick A Puppy,https://pickapuppynyc.com/,+1 917-615-2120,11435,Jamaica,New York,NY,US
Blue empire kennel,http://blueempirekennels.com/,+1 929-767-8078,11219,Brooklyn,New York,NY,US
Osman Labs,http://cutestpuppiesforsale.com/,+1 717-514-3835,10038,New York,New York,NY,US
Maple Grove Puppies,https://www.purebreedspuppies.com/,+1 409-941-7023,10022,New York,New York,NY,US
NYC french bulldog breeders,https://pawsoffrenchies.com/,,10014,New York,New York,NY,US
Stone. Bernse mountain,http://goldenbernsemountain.com/,+1 434-416-3803,10023,New York,New York,NY,US
Ethical Frenchie,https://ethicalfrenchie.com/,+1 212-739-0182,10004,New York,New York,NY,US
New York Papillon Puppies,https://nashpuppies-ed7lcxan.manus.space/,,11210,Brooklyn,New York,NY,US
Tiny treasure Miniature Dacshunds,https://tiny-treasure-dachshunds.vercel.app/,+1 239-464-1545,10014,New York,New York,NY,US
Home of paws (Yorkie),https://www.facebook.com/share/1Bu5pnX4qr/%3Fmibextid%3DwwXIfr,+1 614-344-1916,10118,New York,New York,NY,US
Chihuahua puppies for adoption,https://www.facebook.com/share/1FgV4B4qCU/%3Fmibextid%3DwwXIfr,+1 501-436-6794,10105,New York,New York,NY,US
Bella’s Golden Retriever puppies,https://www.facebook.com/share/1BbwbHMWK4/%3Fmibextid%3DwwXIfr,+1 347-471-2453,10010,New York,New York,NY,US
Ponsonby Doodles NYC,https://doodlesnewyork.com/,+1 332-333-6414,10029,New York,New York,NY,US
Tiny Cuties NYC,http://www.tinycutiepuppies.com/,+1 917-774-5122,11106,Long Island City,New York,NY,US
Honest Pet,https://honesttpet.com/,+1 619-483-1046,10014,New York,New York,NY,US
JuVar Standard Poodles,http://www.juvarpoodles.com/,+1 347-535-7993,10024,New York,New York,NY,US
Bloodline Cane Corso Puppies,https://www.bloodlinepuppies.com/,+1 917-277-6257,10014,New York,New York,NY,US
MILLY'S MADE DACHSHUND PUPPIES,https://millypuppy.com/,+1 534-250-0529,10013,New York,New York,NY,US
Mary's mini dachshund puppies,https://meganpups-nassg9gu.manus.space/,+1 415-570-9194,10013,New York,New York,NY,US
French bulldog puppies for adoption.,http://coastalfrenchbulldog.com/,,10002,New York,New York,NY,US
Cane corso puppies for sale under $1000,https://primecanecorsopuppies.com/,,10011,New York,New York,NY,US
Petriot European Doberman Puppies,https://europeandobermanpuppieshome.com/,+1 256-483-5699,10012,New York,New York,NY,US
Cavalier king charles spaniel puppies,https://wa.me/14342170902,+1 434-217-0902,10014,New York,New York,NY,US
Legal English bulldog puppies,https://heartwoodbul-fs9dzxgr.manus.space/,+1 839-314-5716,7306,Jersey City,New Jersey,NJ,US
Marty's Miniature Dachshund Puppies,http://www.martysdachs.com/,+1 332-228-7566,7086,Weehawken Township,New Jersey,NJ,US
Puppy haven45,https://www.facebook.com/profile.php%3Fid%3D61594397542835%26mibextid%3DwwXIfr%26mibextid%3DwwXIfr,+1 315-290-7981,10013,New York,New York,NY,US
Puppy Boutique New York Puppy Breeder,https://puppypetite.com/,+1 718-306-4136,11214,Brooklyn,New York,NY,US
Boxer puppies for sale,https://perdigaoboxerspuppies.com/faqs/,+1 202-210-0964,10022,New York,New York,NY,US
Rolly Puppies For Sale,http://rollyteacuppups.com/,,10016,New York,New York,NY,US
Devils Den Kennels,http://www.devilsdenkennels.com/,+1 718-840-8844,10309,Staten Island,New York,NY,US
J’s Miniature Dachshund Puppies,https://charpups-ra5ybzh5.manus.space/,+1 646-820-9534,11216,Brooklyn,New York,NY,US
Maxine's Puppies Yorkie Breeder NYC,http://www.nycyorkie.com/,+1 718-614-3968,11214,Brooklyn,New York,NY,US
Universal Pet Home,https://www.universalpethome.com/french-bulldog-puppies-for-sale,+1 325-267-7463,10583,Scarsdale,New York,NY,US
Best Puppies For Sale,http://www.bestpuppiesforsale.org/,+1 631-388-6976,11530,Garden City,New York,NY,US
Puppy Guyz,http://www.puppyguyz.com/,+1 516-366-2524,11590,Westbury,New York,NY,US
Muddy Paws Rescue,https://www.muddypawsrescue.org/,,10019,New York,New York,NY,US
Bella's Red Toy Poodle,https://newyorktoypoodle.com/,+1 929-462-6816,11354,Flushing,New York,NY,US
Heritage Dachshunds of New Jersey,https://premierteacuppups.com/dachshund-puppies-for-sale/,+1 201-423-4930,7020,Edgewater,New Jersey,NJ,US
NY Breeder we are now at 48 Westport Ave Norwalk CT,http://www.nybreeder.com/,+1 914-949-7877,10607,White Plains,New York,NY,US
New Jersey Cavaliers King Charles Spaniel,https://dalejane-7e6b33ae.manus.space/,+1 720-731-0683,7304,Jersey City,New Jersey,NJ,US
Silver Nickel Puppies at Troy's Trims and Treats,https://www.silvernickelpuppies.com/,+1 551-367-0507,7631,Englewood,New Jersey,NJ,US
Von Gonta Haus German Shepherds,https://vongontahaus.com/,+1 413-679-7994,7305,Jersey City,New Jersey,NJ,US
PAWS NY,http://www.pawsny.org/,+1 212-203-4760,10001,New York,New York,NY,US
Bellmore Kennels Beagles & K9 Transport,http://www.bellmorekennels.com/,+1 516-784-1414,11710,Bellmore,New York,NY,US
Elite Golden Retrievers,https://www.elitegoldenpup.com/,+1 973-845-8450,10977,Spring Valley,New York,NY,US
Animal Haven,http://animalhaven.org/,+1 212-274-8511,10013,New York,New York,NY,US
PERSIAN KITTENS CAT BREEDER,http://www.khloeskittens.com/,+1 201-398-6766,10023,New York,New York,NY,US
MindfulPups,http://www.mindful-pups.com/,+1 917-650-3783,11231,Brooklyn,New York,NY,US
Nationwide Puppies,https://www.nationwidepuppies.com/,+1 516-212-2459,11747,Melville,New York,NY,US
"Select A Puppy, Inc.",https://www.selectapuppy.com/,+1 732-706-7600,7748,Middletown Township,New Jersey,NJ,US
NYC Horse Carriage Rides EST.1979,https://www.nychorsecarriageride.com/,+1 516-606-6212,10019,New York,New York,NY,US
Petco,https://stores.petco.com/ny/new-york/pet-supplies-newyork-ny-3741.html%3Futm_source%3Dgoogle%26utm_campaign%3Dlocallist_3741_pcc,+1 212-895-9851,10003,New York,New York,NY,US
"Woof Dog Rescue, Inc.",http://www.woofdogrescue.com/,,10022,New York,New York,NY,US
Whiskers Holistic Pet Care,http://www.1800whiskers.com/,+1 212-979-2532,10003,New York,New York,NY,US
ASPCA Adoption Center,http://www.aspca.org/adopt,+1 212-876-7700,10128,New York,New York,NY,US
Zoomies,http://www.zoomiesnyc.com/,+1 212-462-4480,10014,New York,New York,NY,US
Grooming 4 Less,http://www.grooming4less.com/,+1 646-431-8043,10002,New York,New York,NY,US
KittyKind,https://kittykind.org/,,10003,New York,New York,NY,US
Shelby Semel Dog Training,http://www.shelbydogtraining.com/,+1 516-637-3750,10022,New York,New York,NY,US
Paws In Chelsea,https://www.pawsinchelsea.com/,+1 212-645-7297,10011,New York,New York,NY,US
The Bengal Cats,http://www.thebengalcats.com/,+1 646-898-9100,10128,New York,New York,NY,US
Katie's Kitty,https://www.katieskitty.com/home/,+1 212-288-5712,10001,New York,New York,NY,US
All-Tame Animals Inc,https://alltameanimals.com/,+1 212-873-5000,10024,New York,New York,NY,US
Happy Dogs,https://happydogsnyc.com/stuyvesant-town%3Futm_source%3Dgoogle%26utm_medium%3Dlocal%26utm_campaign%3Dgbp-manhattan,+1 917-512-2828,10010,New York,New York,NY,US
Elizabeth Cocker Spaniel,https://elizabethcherryfamily.com/,,10038,New York,New York,NY,US
Puppies Behind Bars,https://puppiesbehindbars.com/,+1 212-680-9562,10018,New York,New York,NY,US
"American Kennel Club, Inc.",http://www.akc.org/,+1 919-233-9767,10178,New York,New York,NY,US
DogRelations NYC,https://dogrelationsnewyorkcity.com/,,10011,New York,New York,NY,US
Playground Pups,http://www.playgroundpups.com/,+1 212-362-5221,10025,New York,New York,NY,US
SPCA International,https://www.spcai.org/,+1 212-244-7722,10001,New York,New York,NY,US
AKC Museum of the Dog,https://museumofthedog.org/,+1 212-696-8360,10178,New York,New York,NY,US
The Farmer's Dog,https://thefarmersdog.com/,+1 646-780-7957,10012,New York,New York,NY,US
Pamper Ur Pets,https://pamperurpets.com/apps/pages/locations/pamper-ur-pets-w-broadway,+1 212-966-3334,10013,New York,New York,NY,US
Bideawee Pet Adoption Center,https://www.bideawee.org/,+1 866-262-8133,10011,New York,New York,NY,US
Pet Cab NYC,https://www.petcab.nyc/,+1 917-982-6335,10022,New York,New York,NY,US
Social Tees Animal Rescue Office,http://www.socialteesnyc.org/,,10009,New York,New York,NY,US
City Tails NYC,https://citytailsnyc.com/%3Futm_source%3Dgoogle,+1 347-907-4345,10014,New York,New York,NY,US
Yuruani Olguin Dog Training,https://www.dogtraining.nyc/,+1 646-347-7544,10011,New York,New York,NY,US
DOGMA,https://www.dogmanyc.com/%3Futm_source%3Dgoogle%26utm_medium%3Dorganic%26utm_campaign%3Dgmb,+1 212-366-4060,10014,New York,New York,NY,US
NYC Doggies,https://nycdoggies.com/,+1 347-881-3647,10003,New York,New York,NY,US
Amanda Gagnon Dog Training,http://amandagagnondogtraining.com/,+1 540-327-3288,10024,New York,New York,NY,US
Camp Canine,https://www.nycampcanine.com/%3Futm_source%3Dgooglemb%26utm_medium%3Dorganic%26utm_campaign%3Dweblink%26utm_content%3Dupper-west-side,+1 212-787-3647,10023,New York,New York,NY,US
Perfect Behavior Dog Training,http://www.perfectbehaviordogtraining.com/,+1 646-246-9102,10024,New York,New York,NY,US
Dog Days of New York,http://www.dogdaysofny.com/,+1 212-767-9022,10025,New York,New York,NY,US
Dream Come True K9,http://www.dctk9.com/,+1 212-677-1800,10002,New York,New York,NY,US
Furry N' Fabulous Lower East Side,https://www.furrynfab.com/,+1 929-497-1740,10002,New York,New York,NY,US
Spoiled Brats Pet Shop,http://bratsnyc.com/,+1 212-459-1615,10019,New York,New York,NY,US
Revival Dog Training - East Village,https://revivaldogtraininguniversity.com/,+1 929-316-7294,10009,New York,New York,NY,US
Mayor's Alliance for NYC's Animals,http://www.animalalliancenyc.org/,+1 212-252-2350,10001,New York,New York,NY,US
Andrea Arden Dog Training,https://andreaarden.com/,+1 212-414-9597,10010,New York,New York,NY,US
Boris & Horton,http://www.borisandhorton.com/,+1 212-510-8986,10009,New York,New York,NY,US
Puppy University,https://puppyuniversityusa.com/,+1 201-272-9442,7087,Union City,New Jersey,NJ,US
Pets Square,https://petsonbroadwaynyc.com/,+1 646-998-4186,10036,New York,New York,NY,US
Easy Wag FiDi,http://easywag.com/,+1 347-495-7578,10038,New York,New York,NY,US
Follow My Lead,http://www.followmyleadnyc.com/,+1 212-873-5511,10023,New York,New York,NY,US
Animal Care Centers of NYC - Manhattan,https://www.nycacc.org/,+1 212-788-4000,10029,New York,New York,NY,US
The Pet Market,http://www.petmarketnyc.com/,+1 917-409-3225,10023,New York,New York,NY,US
PJH Dog Training,https://www.pjhdogtraining.com/%3Futm_source%3Dgoogle%26utm_medium%3Dorganic%26utm_campaign%3Dgmb,+1 347-754-1988,10025,New York,New York,NY,US
Dogboy NYC,http://www.dogboynyc.com/,,11201,Brooklyn,New York,NY,US
pupculture SoHo,https://www.pupculture.com/locations/soho,+1 914-521-3783,10013,New York,New York,NY,US
Play Pals NYC,http://www.playpalsnyc.com/,+1 917-968-9986,10014,New York,New York,NY,US
Happy Paws Pet Resort,http://www.happypawsinc.com/,+1 212-431-6898,10012,New York,New York,NY,US
The Well Heeled Dog NYC,http://wellheeleddognyc.com/,+1 917-628-3880,10014,New York,New York,NY,US
New York Dog Spa - 25th St.,https://dogspa.com/%3Futm_source%3Dgmb%26utm_medium%3DYext%26cp%3D2135845162%26y_source%3D1_MTAwNDcxMDk5MC03MTUtbG9jYXRpb24ud2Vic2l0ZQ%253D%253D,+1 213-584-5162,10010,New York,New York,NY,US
pupculture Tribeca,https://www.pupculture.com/locations/tribeca,+1 646-927-1598,10013,New York,New York,NY,US
Hudson Valley Veterinary Dermatology - NYC,http://www.nydermvet.com/,+1 347-624-5100,10023,New York,New York,NY,US
Training with Leah,http://trainingwithleah.com/,,10011,New York,New York,NY,US
Happy Pants,http://www.happypantsnyc.com/,+1 917-701-7964,10014,New York,New York,NY,US
DOG & CO.,https://www.shopdogandco.com/,+1 646-450-8518,10011,New York,New York,NY,US
Cassidy Ingram Dog Training LLC,https://www.cassidyingramdogtraining.com/,+1 646-328-6374,10024,New York,New York,NY,US
West 72nd Street Dog Run,http://riversideparknyc.org/groups/72nd-street-dog-run/,+1 212-870-3070,10023,New York,New York,NY,US
Petopia,http://nycpetopia.com/,+1 212-353-2863,10009,New York,New York,NY,US
Truek-9,https://www.truek-9.com/,+1 860-389-1344,10005,New York,New York,NY,US
The Pet Market,https://www.petmarketnyc.com/,+1 212-956-3700,10019,New York,New York,NY,US
Raise the Woof Dog Training,http://www.raisethewoofnyc.com/,+1 917-207-7215,10003,New York,New York,NY,US
CityWags,https://www.citywags.com/,+1 917-679-5782,10011,New York,New York,NY,US
Petco,https://stores.petco.com/ny/new-york/pet-supplies-newyork-ny-1750.html%3Futm_source%3Dgoogle%26utm_campaign%3Dlocallist_1750_pcc,+1 212-877-1270,10025,New York,New York,NY,US
Pumpkin Pet Insurance,https://www.pumpkin.care/,+1 866-273-6369,10017,New York,New York,NY,US
Pawmos Dog Training,http://www.pawmos.com/,+1 917-557-9402,11217,Brooklyn,New York,NY,US
Pawfect Day,http://www.pawfectday.com/,+1 347-405-1514,10001,New York,New York,NY,US
"Throw Me A Bone Inc. / Dog Daycare, Grooming and Boarding",http://www.throwmeabone.dog/,+1 212-287-9769,10019,New York,New York,NY,US
Walter's Pet Styles,http://www.walterspetstyles.com/,+1 212-725-0000,10016,New York,New York,NY,US
Gimme Paw Dog Walking LLC,https://gimmepawdogwalking.com/locations/upper-west-side-manhattan.php,+1 646-510-4222,10023,New York,New York,NY,US
Ruff Club Dog Daycare & Grooming,http://www.ruffclub.com/,+1 914-877-2754,10009,New York,New York,NY,US
Coco and Toto,http://cocoandtoto.com/,+1 212-956-5822,10019,New York,New York,NY,US
Bird Dog,https://birddognyc.com/,+1 917-261-4221,10014,New York,New York,NY,US
Secaucus Animal Shelter,https://sasnj.org/,+1 201-348-3213,7094,Secaucus,New Jersey,NJ,US
Now You're Clean - West Village,http://www.nowyoureclean.com/,+1 332-257-2376,10011,New York,New York,NY,US
Brooklyn Pup Dog Training,http://www.brooklynpup.com/,+1 347-435-5768,11205,Brooklyn,New York,NY,US
Zoo-Rama Pet Shop,http://www.zooramapets.com/,+1 718-430-0909,10461,Bronx,New York,NY,US
Unleashed Spa Pet Grooming,http://www.unleashedspa.com/,+1 212-533-9300,10009,New York,New York,NY,US
Chelsea Waterside Dog Park,https://www.hudsonriverpark.org/explore-the-park/activities/chelsea-waterside-dog-park,+1 212-627-2020,10011,New York,New York,NY,US
Bond Vet - Chelsea,https://bondvet.com/c/chelsea-animal-hospital%3Futm_source%3Dgoogle%26utm_medium%3Dorganic%26utm_campaign%3Dgbp-listing%26utm_content%3Dchelsea,+1 212-518-4667,10011,New York,New York,NY,US
Le Pet Spa,http://www.lepetspabpc.com/,+1 212-786-9070,10280,New York,New York,NY,US
Labradoodles of Long Island,https://www.labradoodlesoflongisland.com/,+1 631-941-1111,11733,Setauket- East Setauket,New York,NY,US
PetSmart,https://www.petsmart.com/stores/us/ny/manhattan-store3077.html%3Futm_source%3Dgoogle%26utm_medium%3Dorganic%26utm_campaign%3Dgoogle-my-business,+1 646-949-1422,10010,New York,New York,NY,US
Worth Street Veterinary Center,https://worthstreetvet.com/,+1 212-257-6900,10013,New York,New York,NY,US
Sportsman's Kennels,https://sportsmanskennels.com/,+1 631-727-3550,11949,Manorville,New York,NY,US
Puppy Paws,https://www.puppypawsny.com/,+1 718-323-7297,11417,Ozone Park,New York,NY,US
Puppy Sphere | Puppy Yoga (Flatiron),https://thepuppysphere.com/products/puppy-yoga-bubbly-flatiron,,10001,New York,New York,NY,US
Puppy Loft,https://puppyloft.com/,+1 212-924-9131,10001,New York,New York,NY,US
Happy Tails Pup Experience,https://www.happytail-dogs.com/,+1 718-719-4255,10007,New York,New York,NY,US
Hudson Barks,https://www.hudsonbarks.com/,+1 201-448-7535,7307,Jersey City,New Jersey,NJ,US
Dog City NYC (W27),https://www.dogcitynyc.com/,+1 646-434-2384,10001,New York,New York,NY,US
Wooftown,http://wooftown.com/,+1 212-208-1234,10014,New York,New York,NY,US
Wagwear,https://wagwear.com/,+1 888-924-9327,10003,New York,New York,NY,US
Manhattan Dog Club,https://www.manhattandogclub.com/,+1 929-990-2858,10011,New York,New York,NY,US
Humming Puppy Yoga New York City,http://www.hummingpuppy.com/,+1 212-414-0800,10011,New York,New York,NY,US
Pet Central,https://www.petcentralnyc.com/,+1 212-929-7699,10011,New York,New York,NY,US
NYC POOCH,https://nycpooch.com/,+1 212-874-6335,10023,New York,New York,NY,US
Dog City NYC,https://dogcitynyc.com/,+1 212-244-3647,10001,New York,New York,NY,US
J & J Pet Care Inc.,http://www.jandjpetcare.com/,+1 800-601-0902,7093,West New York,New Jersey,NJ,US
POOCHi,https://www.poochinyc.com/,+1 212-772-2181,10007,New York,New York,NY,US
Water4Dogs Rehabilitation Center,http://www.water4dogs.com/,+1 646-214-8186,10013,New York,New York,NY,US
Supreme K9 Dog Training & Advocacy,http://supremek9training.com/,+1 973-310-2920,7087,Union City,New Jersey,NJ,US
Dapper Dog Training,http://www.dapperdogtraining.com/,+1 917-538-4296,10011,New York,New York,NY,US
Camp Bow Wow Hoboken,https://www.campbowwow.com/hoboken/,+1 201-800-6309,7030,Hoboken,New Jersey,NJ,US
Fishbridge Park Garden Dog Run,https://www.nycgovparks.org/facilities/dogareas,,10038,New York,New York,NY,US
Pure Paws Veterinary Care of Hudson Square,https://www.purepawsvet.com/hudson-square-ny/,+1 212-203-4187,10014,New York,New York,NY,US
Kate Perry Dog Training + Daycare Center,https://www.kateperrydogtraining.com/,+1 516-847-5557,10011,New York,New York,NY,US
Pet Bar,https://www.facebook.com/ThePetBar/,+1 212-253-9250,10012,New York,New York,NY,US
Astro's Community Dog Run,https://www.astrosdogrun.com/,,10018,New York,New York,NY,US
pupculture West 57th,https://www.pupculture.com/locations/west-57th,+1 551-229-9533,10019,New York,New York,NY,US
pupculture FiDi,https://www.pupculture.com/locations/fidi,+1 862-335-4880,10007,New York,New York,NY,US
junk yard productions,https://www.jydprod.com/,+1 212-265-9659,10036,New York,New York,NY,US
European Home Designs LLC,http://www.bw-pet.com/,+1 212-779-1140,10016,New York,New York,NY,US
Grace Apparel Production,http://graceapparelproduction.com/,+1 646-269-7204,10018,New York,New York,NY,US
Brody's Barkery,http://www.instagram.com/brodysbarkery,+1 646-643-3337,7307,Jersey City,New Jersey,NJ,US
Old Dog Productions Inc,https://www.olddogdocumentaries.org/,+1 212-929-9557,10011,New York,New York,NY,US
Pound Hounds ResQ,http://www.poundhoundsresq.org/,,10011,New York,New York,NY,US
Smiley Pets,http://smileypetsny.com/,+1 312-316-0730,10014,New York,New York,NY,US
"Doggystyle,NYC",http://www.doggystylenyc.com/,+1 212-228-5824,10003,New York,New York,NY,US
The Seaport Paw,http://theseaportpaw.com/,+1 212-732-2275,10038,New York,New York,NY,US
"Buddy Pet Services, Inc",http://www.getbuddy.com/,+1 332-239-2400,10012,New York,New York,NY,US
Christina French bulldogs,https://christinajessicafamily.com/,,11206,Brooklyn,New York,NY,US
"Maltipoo,yorkie,Maltese,Poodle,German shepherd and other puppies for sale",http://sweetpuppies.shop/,,11213,Brooklyn,New York,NY,US
The Dog Behaviorist NYC,https://www.dominikfeichtner.com/,+1 309-620-4579,11201,Brooklyn,New York,NY,US
Wag Club (Daycare and Boarding),http://www.wagclubny.com/,+1 347-689-6925,11201,Brooklyn,New York,NY,US
Loving Paws Pet Sitting and Doggie Baths,https://www.facebook.com/lovingpawspetsitting,+1 347-221-8374,10023,New York,New York,NY,US
Paws Pathways Transport,https://www.pawwayz.com/,+1 430-261-2832,7093,West New York,New Jersey,NJ,US
Brooklyn Tails and Trails,http://www.brooklyntailsandtrails.com/,+1 347-307-1378,11201,Brooklyn,New York,NY,US
Pet Story NY,http://www.petstoryny.com/,+1 917-965-2001,10069,New York,New York,NY,US
Palisades Pups,http://www.palisadespups.com/,+1 201-656-0959,7307,Jersey City,New Jersey,NJ,US
German Shepherds New York Canine,https://www.facebook.com/groups/miniaturepinscherdobermanpuppies,+1 845-386-5005,10940,Middletown,New York,NY,US
Fur Seasons Dog Resort & Spa,https://furseasonsdogresort.com/,+1 201-360-0038,7304,Jersey City,New Jersey,NJ,US
Leroy Street Dog Park,https://www.hudsonriverpark.org/explore-the-park/activities/leroy-street-dog-park,+1 212-627-2020,10014,New York,New York,NY,US
Pete's Bird Garden,https://www.facebook.com/petesbirdgarden/,+1 201-869-8799,7093,West New York,New Jersey,NJ,US
DOGTOWN,https://www.dogtownnyc.co/,+1 917-623-1382,10014,New York,New York,NY,US
Pawzitively Furbulous,http://www.pawzitivelyfurbulous.net/,+1 917-382-2412,10036,New York,New York,NY,US
Priceless Pet Services,http://pricelesspetservices.com/,+1 212-933-4042,10025,New York,New York,NY,US
Buddy's Dog Den,https://www.buddysdogden.com/upper-east-side-manhattan,+1 212-844-9843,10065,New York,New York,NY,US
Rebound K9,https://www.reboundk9.com/,+1 201-870-8843,7307,Jersey City,New Jersey,NJ,US
Biscuits & Bath - Greenwich Village,http://www.biscuitsandbath.com/,+1 646-786-0972,10011,New York,New York,NY,US
Roosevelt Pups,http://www.rooseveltpups.com/,+1 212-371-8901,10044,New York,New York,NY,US
Pupstudio - Midtown,https://www.pupstudionyc.com/,+1 929-489-6096,10001,New York,New York,NY,US
Pupstudio - Upper East Side,http://pupstudionyc.com/,+1 646-300-2858,10065,New York,New York,NY,US
Metro Paws LLC,http://www.metropaws.com/,+1 347-948-7297,10023,New York,New York,NY,US
Prodigy Puppy,http://www.prodigypuppy.com/,+1 646-389-6199,10075,New York,New York,NY,US
City Critters,http://www.citycritters.org/,,10010,New York,New York,NY,US
Woofs 'n Whiskers,https://www.woofsnwhiskers.com/,+1 718-237-0298,11231,Brooklyn,New York,NY,US
Mutt Hutt,https://mutthutt.nyc/,+1 646-864-0029,10023,New York,New York,NY,US
Woof Wellness,https://www.woofwellnessnyc.com/,,10010,New York,New York,NY,US
Dachshund Puppies for Sale,https://www.pafeminidachshundpups.com/,,7008,Carteret,New Jersey,NJ,US
Westchester Puppies & Kittens,http://www.westchesterpuppies.com/,+1 646-226-1998,10530,Hartsdale,New York,NY,US
King Pup,https://kingpupdogwalkers.com/,+1 917-683-2229,10009,New York,New York,NY,US
School For The Dogs,http://schoolforthedogs.com/,+1 212-353-3647,10009,New York,New York,NY,US
RELEASH NYC,http://www.releashnyc.com/,,10069,New York,New York,NY,US
Harmony Dog Training,https://harmonydogtraining.com/,+1 917-817-6603,10019,New York,New York,NY,US
Bliss Kennels,https://www.blisskennels.com/,+1 973-876-1680,7461,Wantage,New Jersey,NJ,US
PetStar Dog Grooming & Daycare,http://petstarnyc.com/,+1 332-272-9301,10010,New York,New York,NY,US
The FurKid Company,http://thefurkidcompany.com/,+1 646-475-3211,10003,New York,New York,NY,US
Kenny The Dog Walker,http://kennythedogwalker.com/,+1 347-623-5203,11201,Brooklyn,New York,NY,US
Shihtzu puppies for rehoming,https://www.facebook.com/share/g/18xW1UUpQW/%3Fmibextid%3DwwXIfr,,10022,New York,New York,NY,US
pupculture Dumbo,https://www.pupculture.com/locations/dumbo,+1 929-552-9235,11201,Brooklyn,New York,NY,US
Puppy Sphere | Puppy Yoga (Lower Manhattan),https://thepuppysphere.com/,,10038,New York,New York,NY,US
Puppy Tale Lodge,http://www.puppytalelodge.com/,+1 929-339-0022,10021,New York,New York,NY,US
DumboDoggy,https://dumbodoggy.com/,+1 513-560-2023,11201,Brooklyn,New York,NY,US
The Sato Project,https://thesatoproject.org/,,11201,Brooklyn,New York,NY,US
Pet Island II,https://petislandii.com/,+1 212-260-4400,10002,New York,New York,NY,US
Mulberry Farm Kennel,http://www.mulberryfarm.com/,+1 845-635-9609,12569,Pleasant Valley,New York,NY,US
Old Red English Bulldogs Kennel Inc,http://www.oldbulldogs.com/,+1 347-272-9141,10027,New York,New York,NY,US
Family Raised Golden Retriever Puppies,http://familyraisedgoldenretrievers.com/,+1 631-760-7908,11788,Hauppauge,New York,NY,US
Aquatics for fun,http://aquaticsforfun.com/,+1 646-883-3435,10013,New York,New York,NY,US
KAE Cane Corso - New York,http://www.kaecanecorso.com/,+1 347-245-1612,12589,Wallkill,New York,NY,US
WannaBea Dogs,http://www.wannabeadogs.com/,+1 516-607-4484,11720,Centereach,New York,NY,US
Heart of Chelsea - West Village,https://heartofchelsea.com/west-village/,+1 212-470-1291,10014,New York,New York,NY,US
Pure Paws Veterinary Care of Hell's Kitchen,https://www.purepawsvet.com/hells-kitchen-ny/,+1 917-534-7838,10036,New York,New York,NY,US
Premium Paws Kennel,http://cuteyorkiepuppies.com/,+1 409-229-5862,10022,New York,New York,NY,US
Tails of Manhattan,https://www.tailsofmanhattan.com/,+1 646-368-1925,10022,New York,New York,NY,US
Urban Woof NYC - 78th,http://www.urbanwoofnyc.com/,+1 646-886-5515,10075,New York,New York,NY,US
Camp Canine Sutton Place,https://www.nycampcanine.com/camp-canine-sutton-place/%3Futm_source%3Dgooglemb%26utm_medium%3Dorganic%26utm_campaign%3Dweblink%26utm_content%3Dsutton-place,+1 212-838-2250,10022,New York,New York,NY,US
"Delighted Pets, Inc.",http://www.delightedpetsnyc.com/,+1 347-825-7733,10028,New York,New York,NY,US
Manhattan Pawffice,https://manhattanpawffice.com/,+1 929-777-5320,10003,New York,New York,NY,US
Paws Country Club,http://www.pawscountryclub.com/,+1 212-501-8700,10026,New York,New York,NY,US
"PetExec, Inc.",http://petexec.net/,+1 888-738-3935,10016,New York,New York,NY,US
Dog House Club,https://www.doghouseclubnyc.com/,+1 917-472-7283,10128,New York,New York,NY,US
The Perfect Pooch NYC,http://www.theperfectpoochnyc.com/,+1 917-847-0329,10025,New York,New York,NY,US
New York Dog Spa & Hotel - 20th Street,http://dogspa.com/,+1 212-366-0999,10011,New York,New York,NY,US
"Dorothy's Petcare, Inc.",https://dorothyspetcare.com/,+1 646-858-4600,10026,New York,New York,NY,US
Hounds Town - Dumbo,https://houndstownusa.com/locations/dumbo/%3Futm_source%3Dgoogle%26utm_medium%3Dmap%26utm_id%3Ddumbo,+1 917-909-1842,11201,Brooklyn,New York,NY,US
Tails and Purr,http://www.tailsandpurr.com/,+1 254-249-4236,11205,Brooklyn,New York,NY,US
Happy Dogs,https://happydogsnyc.com/mccarren-park%3Futm_source%3Dgoogle%26utm_medium%3Dlocal%26utm_campaign%3Dgbp-mccarren,+1 917-512-2828,11211,Brooklyn,New York,NY,US
NYC PETCARE,http://www.nycpetcare.com/,+1 347-248-0276,10011,New York,New York,NY,US
Camp Feline,https://www.nycampcanine.com/cat-boarding/%3Futm_source%3Dgooglemb%26utm_medium%3Dorganic%26utm_campaign%3Dweblink%26utm_content%3Dcat-boarding-uws,+1 212-787-3647,10023,New York,New York,NY,US
Roxy's House,https://roxyshouse.com/,+1 332-227-0739,10019,New York,New York,NY,US
The Canine Corner,http://www.thecaninecorner.com/,+1 718-360-4900,11231,Brooklyn,New York,NY,US
Bark Street - Dog Daycare & Grooming,https://barkstnyc.com/,+1 646-798-1485,10038,New York,New York,NY,US
NYC Dog Walker By Petaholics,http://www.petaholics.com/,+1 646-723-1282,10024,New York,New York,NY,US
DIGS Canine Hotel Spa & Daycare,http://www.digshotel.com/,+1 631-832-3281,11201,Brooklyn,New York,NY,US
Dogtopia of Long Island City,https://www.dogtopia.com/long-island-city/,+1 917-277-4020,11101,Long Island City,New York,NY,US
New York Walk & Train,http://walkandtrain.com/,+1 917-843-4796,10016,New York,New York,NY,US
Go Doggy - South Williamsburg,https://godoggyny.com/,+1 347-844-9100,11249,Brooklyn,New York,NY,US
New York Tails,http://www.nytails.com/,+1 212-706-9560,10075,New York,New York,NY,US
Happy Dogs,https://happydogsnyc.com/long-island-city/daycare/%3Futm_source%3Dgoogle%26utm_medium%3Dlocal%26utm_campaign%3Dgbp-lic,+1 917-512-2828,11101,Long Island City,New York,NY,US
Animal Loving Care,http://animallovingcare.com/,+1 646-845-7773,11231,Brooklyn,New York,NY,US
Allforthewag,http://www.allforthewag.com/,+1 844-484-3924,7310,Jersey City,New Jersey,NJ,US
Biscuits & Bath - West Chelsea,https://www.biscuitsandbath.com/locations/west-chelsea-manhattan-ny/,+1 646-786-0985,10011,New York,New York,NY,US
Lickers n Sniffers,http://lickersnsniffers.com/,+1 347-721-3447,11217,Brooklyn,New York,NY,US
Dogboken of Hoboken,http://www.dogboken.com/,+1 917-699-1513,7030,Hoboken,New Jersey,NJ,US
Doggittude,http://www.doggittude.com/,+1 646-956-3511,11217,Brooklyn,New York,NY,US
Woofs & Wags,https://woofsandwags.nyc/,+1 347-753-2723,11231,Brooklyn,New York,NY,US
HI-BK Doggy Daycare,https://hi-bk.com/,+1 718-971-9605,11217,Brooklyn,New York,NY,US
Wags West,https://wagswestnyc.com/,+1 917-817-1073,10023,New York,New York,NY,US
Pawsability Dog Club,http://pawsabilitydogclub.com/,+1 929-342-0872,11237,Brooklyn,New York,NY,US
Buddy's Dog Den,http://buddysdogden.com/,+1 347-382-7101,11211,Brooklyn,New York,NY,US
Strutting Mutts | Dog Walkers | Day Care,http://www.struttingmutts.com/,+1 646-362-2271,11211,Brooklyn,New York,NY,US
LE DOGGIE COOL,http://www.ledoggiecool.com/,+1 347-294-0381,11249,Brooklyn,New York,NY,US
DogSpot HQ,http://www.hellodogspot.com/,+1 800-617-4097,11205,Brooklyn,New York,NY,US
NYC Pet,https://nycpet.com/,+1 718-218-7101,11211,Brooklyn,New York,NY,US
Pet Super Nanny,http://petsupernanny.com/,+1 347-240-6585,11238,Brooklyn,New York,NY,US
Galen's Brooklyn Walkers,http://galensbrooklynwalkers.com/,+1 518-894-1839,11201,Brooklyn,New York,NY,US
What's Up Dog,http://www.whatsupdogbk.com/,+1 929-210-0556,11237,Brooklyn,New York,NY,US
Biscuits & Bath - Financial District,https://www.biscuitsandbath.com/,+1 646-786-0981,10006,New York,New York,NY,US
Whole Pets Market,http://wholepetmarkets.com/,+1 718-783-3700,11216,Brooklyn,New York,NY,US
Paws & Tales Doggy Playgroup,http://www.pawsandtales.dog/,+1 201-936-9153,7306,Jersey City,New Jersey,NJ,US
CUDDLES AND TAILS PET SERVICES,http://cuddlesandtails.com/,+1 646-416-6538,10003,New York,New York,NY,US
LITTLE CREATURES,https://www.littlecreaturesnyc.com/products/shop/,+1 212-877-4300,10024,New York,New York,NY,US
Petco,https://stores.petco.com/ny/new-york/pet-supplies-newyork-ny-3746.html%3Futm_source%3Dgoogle%26utm_campaign%3Dlocallist_3746_pcc,+1 212-593-7213,10022,New York,New York,NY,US
D is for Doggy Chelsea - Daycare & Grooming,http://www.disfordoggy.com/,+1 908-739-6504,10011,New York,New York,NY,US
Tamed Paw's Dog Daycare and Dog Sitting,http://tamedpaws.com/,,7303,Jersey City,New Jersey,NJ,US
HomeDoggy Pet Salon & Boarding – Store 1,http://www.homedoggy.com/,+1 718-576-3918,11215,Brooklyn,New York,NY,US
Rapawzel Dog Grooming & Day Care,https://rapawzeldoggroomer.com/dog-grooming-and-daycare-in-manhattan/,+1 212-396-2585,10028,New York,New York,NY,US
D is for Doggy 6th Ave - Daycare & Grooming,http://disfordoggy.com/,+1 551-305-3515,10011,New York,New York,NY,US
Gracelane Kennels,http://www.gracelane.com/,+1 914-762-6188,10562,Ossining,New York,NY,US
Petco,https://stores.petco.com/ny/new-york/pet-supplies-newyork-ny-3713.html%3Futm_source%3Dgoogle%26utm_campaign%3Dlocallist_3713_pcc,+1 212-369-7903,10028,New York,New York,NY,US
Petqua,http://petqua.com/,+1 212-865-7500,10025,New York,New York,NY,US
Bond Vet - Hell's Kitchen,https://bondvet.com/c/hells-kitchen-animal-hospital%3Futm_source%3Dgoogle%26utm_medium%3Dorganic%26utm_campaign%3Dgbp-listing%26utm_content%3Dhell%27s-kitchen,+1 212-466-6115,10036,New York,New York,NY,US
Rapawzel Dog Grooming & Day Care,https://rapawzeldoggroomer.com/our-locations/,+1 212-729-7033,10024,New York,New York,NY,US
Paws for Thought Dog Training,http://www.pawsforthoughttraining.com/,+1 914-863-1656,10155,New York,New York,NY,US
Brooklyn Pet Spa,https://brooklynpetspa.com/,+1 718-768-0293,11217,Brooklyn,New York,NY,US
East Side Animal Hospital,https://nycvetgroup.com/,+1 212-589-2857,10022,New York,New York,NY,US
Spot & Tango,https://www.spotandtango.com/,,10016,New York,New York,NY,US
West Village Veterinary Hospital,https://www.westvillagevets.com/%3Futm_source%3Dgmb%26utm_medium%3Dorganic%26y_source%3D1_MTE2Njg3NjgtNzE1LWxvY2F0aW9uLndlYnNpdGU%253D,+1 212-633-7400,10014,New York,New York,NY,US
Murray Hill Pet Hospital,https://www.yourmurrayhillvet.com/%3Futm_source%3Dgmb%26utm_medium%3DYext%26cp%3D6466920483%26y_source%3D1_MTYxMTMwMTgtNzE1LWxvY2F0aW9uLndlYnNpdGU%253D,+1 646-692-0483,10010,New York,New York,NY,US
ESA Care,https://esacare.com/,+1 833-976-0637,10016,New York,New York,NY,US
University Animal Hospital,http://universityanimalhospital.com/,+1 212-288-8884,10065,New York,New York,NY,US
NYC Feral Cat Initiative,http://www.nycferalcat.org/,+1 212-330-0033,10001,New York,New York,NY,US
Clinton Veterinary Center,https://www.clintonvetcenternyc.com/,+1 212-333-5548,10019,New York,New York,NY,US
A Cut Above Pet Stylists,https://acutabovenyc.com/,+1 212-877-7778,10023,New York,New York,NY,US
WooWoo Dog and Cat Grooming,https://www.woowoonewyork.com/,+1 212-933-4323,10016,New York,New York,NY,US
Dog Walkers Of Tribeca,https://www.dogwalkertribeca.com/,+1 917-540-2651,10013,New York,New York,NY,US
The Bark Shoppe,http://www.thebarkshoppe.com/,+1 646-590-1902,10026,New York,New York,NY,US
The Humane Society of New York,http://www.humanesocietyny.org/about/contact.php,+1 212-752-4840,10022,New York,New York,NY,US
TOY BREED PUPPIES,https://toybreedspuppies.com/,+1 323-435-6869,11234,Brooklyn,New York,NY,US
Empire Pet Fish,https://www.empirepetfish.com/,+1 718-321-1977,11358,Flushing,New York,NY,US
The Educated Dog,http://www.educateddogtraining.com/,+1 917-428-1516,10024,New York,New York,NY,US
Oneida Lake Golden’s,http://oneidalakegoldens.com/,+1 315-440-1716,13030,Bridgeport,New York,NY,US
Bengal & Abyssinian Cats & Kittens cattery,http://www.biminicats.com/,+1 917-407-8959,11235,Brooklyn,New York,NY,US
Just Food For Dogs,https://www.justfoodfordogs.com/store/860-broadway-new-york-ny-10003.html%3Futm_source%3Dlocal%26utm_medium%3Dorganic%26utm_campaign%3DGMB%26utm_content%3Downed%26y_source%3D1_MTI4MTg2OTEtNzE1LWxvY2F0aW9uLndlYnNpdGU%253D,+1 646-974-2774,10003,New York,New York,NY,US
Heart of Chelsea Veterinary Group - Lower East Side,https://heartofchelsea.com/lower-east-side/,+1 212-390-8387,10002,New York,New York,NY,US
Funny Pets NYC,https://www.funnypets.nyc/,+1 917-227-1333,10065,New York,New York,NY,US
Funny Pets NYC,http://www.funnypets.nyc/,+1 917-261-4998,10075,New York,New York,NY,US
NYC Puppy Palace,http://nycpuppypalace.com/,+1 646-820-7537,10023,New York,New York,NY,US
Simply Pawtastic,https://simplypawtastic.com/,+1 917-310-1302,10016,New York,New York,NY,US
"Urban Pups, LLC",https://strutpup.com/,+1 201-868-0600,7093,Guttenberg,New Jersey,NJ,US
Pet Central 76th Street,https://www.petcentralnyc.com/products/shop/,+1 212-712-1707,10023,New York,New York,NY,US
The West Village Cat Sitter & Manhattan Kitties LLC,http://www.thewestvillagecatsitter.com/,+1 646-420-7676,10011,New York,New York,NY,US
Dexter's Dog House,http://dextersdoghousebk.com/,+1 929-714-1487,11206,Brooklyn,New York,NY,US
PAWSIES,http://www.pawsiesnyc.com/,+1 347-796-7597,11206,Brooklyn,New York,NY,US
The Barbarian Cane Corso,https://www.facebook.com/share/1FTCKvtTMH/%3Fmibextid%3DwwXIfr,+1 845-500-3069,10941,Middletown,New York,NY,US
Dogtopia of Myrtle Ave. - Brooklyn,https://www.dogtopia.com/myrtleave-brooklyn/,+1 347-343-5330,11205,Brooklyn,New York,NY,US
Your Spoiled Pets,http://www.yourspoiledpets.com/,+1 718-389-6170,11222,Brooklyn,New York,NY,US
Petopia,https://www.nycpetopia.com/stores/search/,+1 212-222-7089,10026,New York,New York,NY,US
Summerset Farms,http://www.summerset-farms.com/,+1 315-745-9924,13148,Seneca Falls,New York,NY,US
Pink Star Kennel,http://www.pinkstarkennel.com/,,14469,Bloomfield,New York,NY,US
Mountains Fury Kennel,http://mountainsfurykennel.com/,+1 315-708-3153,13159,Tully,New York,NY,US
Choice K-9's Rottweiler puppies,http://www.choicek9s.com/,+1 315-592-7084,13069,Fulton,New York,NY,US
Bear Creek K9,http://www.bearcreekk9.com/,+1 315-496-2111,13118,Moravia,New York,NY,US
Love Thy Beast,http://www.lovethybeast.com/,+1 646-630-4075,11249,Brooklyn,New York,NY,US
Valley View puppy,http://valleyviewpuppy.com/,+1 315-665-3944,14489,Lyons,New York,NY,US
Your Spoiled Pets,https://yourspoiledpets-navyyard.com/,+1 347-987-3001,11205,Brooklyn,New York,NY,US
Paws In Paradise NYC,http://www.pawsinparadisenyc.com/,+1 718-768-1888,11215,Brooklyn,New York,NY,US
Premier Toy Poodles,http://premiertoypoodles.com/,,11101,Long Island City,New York,NY,US
Michael Jackson Dog Training,http://mjacksonk9.com/,+1 347-351-9343,11206,Brooklyn,New York,NY,US
"PetPremium, Inc",http://www.petpremium.com/,+1 800-935-7280,10005,New York,New York,NY,US
Dog Island City,http://www.dogislandcity.com/,+1 718-433-4545,11101,Long Island City,New York,NY,US
Genetic Canine,https://www.genetick9.com/,+1 631-624-5163,11727,Coram,New York,NY,US
Brenda Rose Puppies,https://brendaroseandfamilypets.com/,+1 325-442-5154,11697,Rockaway Point,New York,NY,US
Top breed puppies,https://topbreedpuppies.com/,+1 839-307-3649,7410,Fair Lawn,New Jersey,NJ,US
Brooklyn Bark,http://www.brooklynbark.com/%3Futm_source%3Dgoogle%26utm_medium%3Dwix_google_business_profile%26utm_campaign%3D9085021758033037111,+1 347-850-4982,11201,Brooklyn,New York,NY,US
Animal Haven Urban Underdog,https://animalhaven.org/urban-underdog,+1 212-274-8511,10013,New York,New York,NY,US
Pologeorgis NYC Luxury Furs,https://pologeorgis.com/,+1 212-563-2250,10001,New York,New York,NY,US
Petmo,https://gopetmo.com/,+1 833-467-3866,10016,New York,New York,NY,US
The Big City Woof Walker,http://www.thebigcitywoofwalker.com/,+1 347-974-0360,10038,New York,New York,NY,US
Cattitude Street Strutters Pet Care,https://cattitudestreetstrutters.com/,+1 718-749-9417,11217,Brooklyn,New York,NY,US
Casa De Boop,https://casadeboop.com/,,7302,Jersey City,New Jersey,NJ,US
Pet Central 100 Street,http://www.petcentralnyc.com/,+1 212-663-9160,10025,New York,New York,NY,US
VCA Park East Animal Hospital,https://vcahospitals.com/park-east%3Futm_source%3Dmaps%26utm_medium%3Dorganic%26utm_campaign%3DAU_1257,+1 212-832-8417,10021,New York,New York,NY,US
Amherst Boarding Kennel,http://www.amherstboardingkennel.com/,+1 716-636-6172,14051,East Amherst,New York,NY,US
Hound About Town,http://www.houndabouttownjc.com/,+1 201-918-5557,7302,Jersey City,New Jersey,NJ,US
Zoe's Pet Shop- Pick up & Delivery,https://zoepetshop.com/,+1 347-541-4260,10001,New York,New York,NY,US
Urban Dog,https://www.urbandog.co/about-us,+1 201-725-7359,7302,Jersey City,New Jersey,NJ,US
Urban Vets Animal Hospital,http://urbanvets.com/,+1 212-674-6200,10009,New York,New York,NY,US
Operator,http://yesoperator.com/,,11211,Brooklyn,New York,NY,US
Kalvig and Shorter Veterinary Associates,http://www.kalvigandshorter.com/,+1 212-644-1022,10016,New York,New York,NY,US
Heart of Chelsea Veterinary Group - Chelsea,https://heartofchelsea.com/chelsea/,+1 212-924-6116,10011,New York,New York,NY,US
PetSmart,https://www.petsmart.com/stores/us/nj/north-bergen-store1828.html%3Futm_source%3Dgoogle%26utm_medium%3Dorganic%26utm_campaign%3Dgoogle-my-business,+1 201-662-1747,7047,North Bergen,New Jersey,NJ,US
The Cat Practice,http://www.thecatpractice.com/,+1 212-677-1401,10011,New York,New York,NY,US
East Village Animal Clinic,https://www.eastvillageanimalclinic.com/%3Futm_source%3Dgbp%26utm_medium%3Dorganic,+1 646-978-9864,10003,New York,New York,NY,US
Midtown Animal Hospital,http://midtownanimalhospital.org/,+1 212-683-0309,10016,New York,New York,NY,US
Fussy Friends Pet Supplies,http://fussyfriends.pet/,+1 201-333-6400,7302,Jersey City,New Jersey,NJ,US
3-Legged Dog Media and Theater Group/3LD Art & Technology Center,https://www.3ld.org/,+1 917-292-4655,11217,Brooklyn,New York,NY,US
United European Bassethound Puppies,https://www.missbasset.com/,+1 839-320-3889,11225,Brooklyn,New York,NY,US
New York Wolfpack,http://www.newyorkwolfpack.com/,+1 516-864-1873,11232,Brooklyn,New York,NY,US
The Dog Institute of Williamsburg,http://thedoginstitute.com/,+1 347-276-0882,11211,Brooklyn,New York,NY,US
Where My Dogs At? Pet Spa & Hotel,http://wheremydogsatbk.com/,+1 929-234-3354,11238,Brooklyn,New York,NY,US
The Schwarzman Animal Medical Center,https://www.amcny.org/,+1 212-838-8100,10065,New York,New York,NY,US
Puptopia,http://www.puptopianyc.com/,+1 347-829-7877,10021,New York,New York,NY,US
Amanda Gagnon Dog Training,https://www.amandagagnondogtraining.com/,+1 540-327-3288,10023,New York,New York,NY,US
Jemmy's Dog Run,https://www.madisonsquarepark.org/mad-sq-dogs,+1 212-520-7600,10010,New York,New York,NY,US
Small Door Veterinary - Gramercy,https://www.smalldoorvet.com/locations/new-york-city/gramercy/%3Futm_source%3Dgmb%26utm_medium%3Dorganic%26utm_campaign%3Dgramercy%26utm_content%3Dlocation-page,+1 212-300-9891,10010,New York,New York,NY,US
Bond Vet - East Village,https://bondvet.com/c/east-village-animal-hospital%3Futm_source%3Dgoogle%26utm_medium%3Dorganic%26utm_campaign%3Dgbp-listing%26utm_content%3Deast-village,+1 212-961-6779,10009,New York,New York,NY,US
"“Azzurro Cattery – Sphynx & Devon Rex Kittens in Brooklyn, NYC”",https://azzurrocattery.com/,+1 718-883-9149,10009,New York,New York,NY,US
The Pet Concierge,http://www.petconciergenyc.com/,+1 212-535-0903,10025,New York,New York,NY,US
New York Mini Dachshund puppies,https://minidachshund-vsstdm6u.manus.space/,+1 938-292-9246,11219,Brooklyn,New York,NY,US
Blue Forest Farms CBD,https://blueforestfarms.us/,+1 917-782-3121,10010,New York,New York,NY,US
Bond Vet - Upper East Side at 62nd Street,https://bondvet.com/c/upper-east-side-animal-hospital%3Futm_source%3Dgoogle%26utm_medium%3Dorganic%26utm_campaign%3Dgbp-listing%26utm_content%3Dupper-east-side-at-62nd-street,+1 212-945-8115,10065,Manhattan,New York,NY,US
PetSmart,https://www.petsmart.com/stores/us/ny/brooklyn-store2249.html%3Futm_source%3Dgoogle%26utm_medium%3Dorganic%26utm_campaign%3Dgoogle-my-business,+1 718-852-2519,11201,Brooklyn,New York,NY,US
Bond Vet - Upper West Side at 77th Street,https://bondvet.com/c/upper-west-side-animal-hospital%3Futm_source%3Dgoogle%26utm_medium%3Dorganic%26utm_campaign%3Dgbp-listing%26utm_content%3Dupper-west-side-at-77th-street,+1 212-729-9661,10024,New York,New York,NY,US
LovePup Training,https://lovepuptraining.com/,+1 929-688-3151,10001,New York,New York,NY,US
Union Square Dog Run,https://www.nycgovparks.org/parks/union-square-park/facilities/dogareas,+1 212-639-9675,10003,New York,New York,NY,US
Brooklyn Pawffice,https://brooklynpawffice.com/,+1 929-258-8350,11211,Brooklyn,New York,NY,US
Hotel Bark Ave,http://www.hotelbarkave.com/,+1 646-398-7671,10029,New York,New York,NY,US
UP PUP,http://uppup.nyc/,+1 646-422-7270,10128,New York,New York,NY,US
Best Friends Boarding & Day Club,https://www.bfbnyc.com/,+1 646-944-1869,10033,New York,New York,NY,US
PetSmart,https://www.petsmart.com/stores/us/ny/staten-island-store3133.html%3Futm_source%3Dgoogle%26utm_medium%3Dorganic%26utm_campaign%3Dgoogle-my-business,+1 929-308-2634,10302,Staten Island,New York,NY,US
Petco,https://stores.petco.com/ny/rego-park/pet-supplies-regopark-ny-3789.html%3Futm_source%3Dgoogle%26utm_campaign%3Dlocallist_3789_pcc,+1 718-289-1000,11374,Rego Park,New York,NY,US
Crosby Pet Center Inc,http://www.crosbypet.com/,+1 718-822-6900,10461,Bronx,New York,NY,US
Petco,https://stores.petco.com/ny/brooklyn/pet-supplies-brooklyn-ny-3711.html%3Futm_source%3Dgoogle%26utm_campaign%3Dlocallist_3711_pcc,+1 718-266-1206,11223,Brooklyn,New York,NY,US
City Veterinary Care,http://www.cityvetcare.com/%3Futm_source%3DGMBlisting%26utm_medium%3Dorganic%26utm_campaign%3Dgmb,+1 332-334-8313,10023,New York,New York,NY,US
Petco,https://stores.petco.com/ny/bronx/pet-supplies-bronx-ny-3780.html%3Futm_source%3Dgoogle%26utm_campaign%3Dlocallist_3780_pcc,+1 718-530-7334,10469,Bronx,New York,NY,US
Petco,https://stores.petco.com/ny/howard-beach/pet-supplies-howardbeach-ny-717.html%3Futm_source%3Dgoogle%26utm_campaign%3Dlocallist_717_pcc,+1 718-845-3331,11414,Howard Beach,New York,NY,US
Petco,https://stores.petco.com/ny/brooklyn/pet-supplies-brooklyn-ny-1862.html%3Futm_source%3Dgoogle%26utm_campaign%3Dlocallist_1862_pcc,+1 718-743-2147,11235,Brooklyn,New York,NY,US
Petco,https://stores.petco.com/ny/college-point/pet-supplies-collegepoint-ny-2779.html%3Futm_source%3Dgoogle%26utm_campaign%3Dlocallist_2779_pcc,+1 718-321-1295,11356,College Point,New York,NY,US
Pups @ Play Montclair,https://pupsatplay.net/%3Futm_source%3Dgmb%26utm_medium%3DYext%26cp%3D9734005887%26y_source%3D1_MjI0OTkwOTYtNzE1LWxvY2F0aW9uLndlYnNpdGU%253D,+1 973-400-5887,7042,Montclair,New Jersey,NJ,US
Animal Care Centers of NYC - Staten Island,http://nycacc.org/,+1 212-788-4000,10309,Staten Island,New York,NY,US
PetSmart,https://www.petsmart.com/stores/us/nj/lyndhurst-store2555.html%3Futm_source%3Dgoogle%26utm_medium%3Dorganic%26utm_campaign%3Dgoogle-my-business,+1 201-528-4772,7071,Lyndhurst,New Jersey,NJ,US
Petco,https://stores.petco.com/nj/teterboro/pet-supplies-teterboro-nj-3824.html%3Futm_source%3Dgoogle%26utm_campaign%3Dlocallist_3824_pcc,+1 201-426-9078,7608,Teterboro,New Jersey,NJ,US
St Mina Animal Clinic,http://stminaveterinaryclinic.com/,+1 718-296-0500,11421,Woodhaven,New York,NY,US
"HJ Kalikow & Co., LLC",https://www.hjkalikow.com/,+1 212-808-7000,10178,New York,New York,NY,US
Hotel AKA NoMad,https://www.stayaka.com/hotel-aka-nomad,+1 212-448-7000,10016,New York,New York,NY,US
Abingdon Square Veterinary Clinic,https://abingdonsquarevet.com/%3Futm_source%3Dgbp%26utm_medium%3Dorganic,+1 212-242-9169,10011,New York,New York,NY,US
The Regal Beagle,https://www.facebook.com/theregalbeagle.ny,+1 929-296-0168,11105,Astoria,New York,NY,US
The Ardsley,http://the-ardsley.edan.io/,+1 801-520-7781,10025,New York,New York,NY,US
Hillside Dog Park,http://www.nycgovparks.org/parks/hillside-park,+1 212-639-9675,11201,Brooklyn,New York,NY,US
HomeDoggy Pet Salon & Daycare – Store 2,https://homedoggy.com/,+1 718-576-3272,11215,Brooklyn,New York,NY,US
Fifth Hammer Brewing Company,http://www.fifthhammerbrewing.com/,+1 718-663-2084,11101,Long Island City,New York,NY,US
NYFA I New York Film Academy,https://www.nyfa.edu/new-york/,+1 212-674-4300,10004,New York,New York,NY,US
The Doghouse NYC Studios,http://www.doghousenyc.com/,+1 646-450-1076,11215,Brooklyn,New York,NY,US
Dickson's Farmstand,http://www.dicksonsfarmstand.com/,+1 917-312-9708,10011,New York,New York,NY,US
Capelli New York,http://www.capellinewyork.com/,+1 212-684-3344,10016,New York,New York,NY,US
Marc Kaufman Furs NYC,https://kaufmanfurs.com/,+1 212-563-3877,10001,New York,New York,NY,US
Next Millennium Productions - Soho Studios,http://nmpfilms.com/,+1 917-237-1661,10013,New York,New York,NY,US
Dubway Studios,http://www.dubway.com/,+1 212-352-3070,10012,New York,New York,NY,US
Génia USA Inc,https://geniausa.com/,+1 917-797-6521,10018,New York,New York,NY,US
Evil Twin Brewing NYC - DUMBO,https://eviltwin.nyc/location/dumbo-taproom/,,11201,Brooklyn,New York,NY,US
221B Tactical,http://www.221btactical.com/,+1 800-422-1057,10001,New York,New York,NY,US
The PIT,http://www.thepit-nyc.com/,+1 212-244-1722,10001,New York,New York,NY,US
Clutch Made,http://www.clutchmade.com/,+1 917-830-3820,10018,New York,New York,NY,US
The Red Hook Winery,http://www.redhookwinery.com/,+1 239-372-9493,11231,Brooklyn,New York,NY,US
Informiton,https://www.informiton.com/,+1 863-800-0186,10005,New York,New York,NY,US
Pop On Veneers,http://poponveneers.com/,+1 212-461-6302,10018,New York,New York,NY,US
Milk Bar,https://www.milkbarstore.com/,+1 347-974-4975,10001,New York,New York,NY,US
Cinema Village,https://www.cinemavillage.com/,+1 212-924-3364,10003,New York,New York,NY,US
Wagmo,https://wagmo.io/,,10007,New York,New York,NY,US
Hounds Town - Brooklyn - Atlantic Ave,https://houndstownusa.com/locations/brooklyn-atlantic-ave/%3Futm_source%3Dgoogle%26utm_medium%3Dmap%26utm_id%3Dbrooklyn-atlantice-ave,+1 929-730-7877,11238,Brooklyn,New York,NY,US
NYC Pet Services,http://www.nycpetservices.org/,+1 718-350-1635,11106,Astoria,New York,NY,US
Doggy Be Good Kennel Camp & Grooming Salon,http://www.doggybegood.net/,+1 718-746-1979,11356,College Point,New York,NY,US
Puppies For Sale,https://aussiepupsforsale.com/,,7310,Jersey City,New Jersey,NJ,US
Brifford Great Danes NJ Puppies,http://www.briffordgreatdanes.com/,+1 201-926-0649,7470,Wayne,New Jersey,NJ,US
Suitsupply NY SoHo,https://suitsupply.com/stores/new-york-soho%3Futm_medium%3Dorganic%26utm_source%3Dgoogle%26utm_campaign%3Dgmb_newyork-soho_us,+1 917-521-5759,10013,New York,New York,NY,US
Indian Creek Kennels,http://indiancreekkennels.com/,+1 201-370-6960,7416,Franklin,New Jersey,NJ,US
Paws and Suds In The Heights,https://pawsandsudsyt.com/,+1 551-375-9517,7047,North Bergen,New Jersey,NJ,US
"Al Roker Entertainment, inc",http://www.alrokerentertainment.com/,+1 212-757-8500,10018,New York,New York,NY,US
Pet Island,https://www.facebook.com/Pet-island-510364165652745/,+1 718-786-1555,11101,Long Island City,New York,NY,US
Executive Dog Lounge,https://executivedoglounge.com/,+1 201-451-0672,7302,Jersey City,New Jersey,NJ,US
Small Door Veterinary - West Village,https://www.smalldoorvet.com/locations/new-york-city/west-village/%3Futm_source%3Dgmb%26utm_medium%3Dorganic%26utm_campaign%3Dwest-village%26utm_content%3Dlocation-page,+1 212-300-9893,10011,New York,New York,NY,US
Hustle Pups NYC,http://hustlepupsnyc.com/,+1 929-284-1918,11222,Brooklyn,New York,NY,US
JoJo & Co Pet Club,http://jojopetclub.com/,+1 646-404-2452,11222,Brooklyn,New York,NY,US
Paws In Flux,http://www.pawsinflux.com/,+1 201-430-5321,7087,Union City,New Jersey,NJ,US
Paws and Tales Doggy Playgroup JC,https://www.pawsandtales.dog/,+1 201-632-0073,7302,Jersey City,New Jersey,NJ,US
Center For Avian & Exotic Medicine,https://www.thrivepetcare.com/locations/new-york/new-york/center-for-avian-and-exotic-medicine/%3Futm_source%3Dgmb%26utm_medium%3Dweb,+1 212-501-8750,10024,New York,New York,NY,US
Jersey City Paws,https://jcpaws.com/,+1 551-689-9331,7307,Jersey City,New Jersey,NJ,US
Dog Grooming & Daycare Hoboken - Playful Paws USA,http://www.playfulpawsusa.com/,+1 844-729-7227,7030,Hoboken,New Jersey,NJ,US
Peace Love Havanese,https://www.peacelovehavanese.com/,+1 845-706-0956,10471,Bronx,New York,NY,US
