title,website,phone,street
Doodles for Colorado,http://boulderpuppies.com/,303-908-5824,3730 Co Rd 6
Colorados Finest Kennel and Ranch,http://www.coloradosfinestsportingdogs.com/,303-358-7959,905 Private Rd 112
Selah Springs Puppies,http://selahspringspuppies.com/,720-755-8737,8601 County Rd 8
Rosso Rak Cane Corso,http://www.rossorakcorsos.com/,303-875-1408,2121 S Wadsworth Blvd
TLC Kennel,http://tlckennel.com/,719-349-0505,19375 Co Rd 24
Royal T Mi-Kis,http://royaltmikis.com/,303-246-3196,34319 Columbine Trail E
Puppy Paws Colorado,https://www.puppypawsco.com/,303-818-5344,9799 County Rd 16
Green Family Kennel,https://greenfamilykennel.com/,,11270 Strasburg Rd
Castle Rock Bernedoodles,https://castlerockbernedoodles.com/,720-517-0021,24 Yucca Hills Rd
Platte River Puppies,https://platteriverpuppies.com/,970-590-4667,2390 Hemlock Ave
Colorado Springs Doodles,https://coloradospringsdoodles.com/,714-319-2380,8650 Pine Cone Rd
Precious Pocket Pups,http://preciouspocketpups.com/,719-330-9986,152 S Raynolds Ave
ZoiBoyz Ranch,https://zoiboyz.com/,719-684-4972,2115 Curtis Rd
Lucky Ranch Labradors,https://www.luckyranchlabradors.com/?utm_source=google&utm_medium=wix_google_business_profile&utm_campaign=8590534491251386663,303-990-0896,5060 Stone Cañon Ranch Rd
Chance and Georgette Puppies,http://chancesdoodles.com/,719-287-1178,6970 Omaha Blvd
Mary's Cocker Haven,http://www.maryscockerhaven.com/,719-306-8118,17466 Blue Lake Ln
Haystack Acres Inc.,http://www.haystackacres.com/,720-530-0783,6060 Niwot Rd
Peak Legacy Ranch,https://peaklegacyranch.com/,719-787-8779,17925 US-24
Golden Mountain Farm,http://www.goldenmountainfarm.com/?utm_source=google&utm_medium=wix_google_business_profile&utm_campaign=12222829134165837950,970-237-6817,5465 N County Rd 11
JM Kennels,https://www.bernedoodlesoftherockies.com/,970-308-6256,8029 Co Rd 50
BozColorado LTD.,https://bozcolorado.com/,970-691-3516,58208 Co Rd 23
Gunbil German Shepherds,https://germanshepherdpuppies.com/,719-220-2222,14360 Arfsten Rd
Kari's Cavapoos,https://kariathome.com/,719-930-3915,Đường đi
Grace N Faith Doodles,https://www.gracenfaithdoodles.com/,719-209-8544,7661 McLaughlin Rd
Labrador Puppies of Colorado,http://www.labradorpuppiesofcolorado.com/,347-989-3541,18695 Pony Express Dr #4221
Summit Doodles,https://www.summitdoodles.com/,417-922-0717,12760 Abert Way
My Sillydogs Standard Poodle & Bernedoodle puppies,https://www.sillydogspoodles.com/?utm_source=google&utm_medium=wix_google_business_profile&utm_campaign=4927891224413386628,970-275-5525,1187 CO-133
Ohana Puppies,http://ohanapuppies.com/,970-590-7957,35065 Co Rd 19
Dachshund Puppies,https://adoptdachshundpuppies.com/available-puppies/,,6603 Harvey Ln
Short Leg Frenchies,https://shortlegfrenchies.com/,720-778-1152,Đường đi
Huser Doodle,http://huserdoodle.com/,720-938-4220,E 126th Way
Heatherdowns Labradors,http://heatherdownslabradors.com/,719-661-1422,8600 Elliot Dr
Sandy Acres Kennel LLC,https://sandyacreskennel.com/,970-842-5902,29076 Co Rd R
Whimzy OES,http://whimzyoes.com/,303-263-6449,44585 Antelope Dr
Colorado Berners,http://coloradoberners.com/,720-291-0644,· Mở cửa lúc 9:00
Von NewAgape,https://vonnewagape.com/,720-425-5240,6431 W Arbor Ave
Feather's End Kennels,http://www.gooddog.com/breeders/feathers-end-kennels-colorado,719-331-9016,Đường đi
"Countryside Kennels, LLC",http://countrysidekennelsco.com/,719-343-5167,29717 Co Rd 44
Lazy Acres Bernedoodles,https://www.lazyacresbernedoodles.com/,508-523-4550,13912 N 87th St
Good Gracious Goldens,https://www.gggoldens.com/,913-593-7655,Đường đi
Family Berners,https://familyberners.com/,719-717-0061,14 Dora St
Haystack Mountain Bernedoodles,http://www.haystackbernedoodles.com/,303-929-7385,3146 Weld County Rd 36
Gorgeousdoodles,http://www.gorgeousdoodles.com/,720-544-3735,658 Co Rd 609
Retriever Puppies CO,https://homeraisedretrievers.com/,640-284-1891,8059 Hollygrape Ln
Hazel Run Labradors,https://www.facebook.com/HazelRunLabs/,,Đường đi
Iconic Corso Kennel,http://www.iconiccorso.com/,720-594-0173,· Mở cửa lúc 8:00
Warren's Colorado Mini Aussies,https://warrenscoloradominiaussies.com/about-us,970-215-9488,4421 W County Rd 4
Western Rocky Golden Mountain Dogs,http://www.westernrockygmds.com/,,Đường đi
Tankrtots Purebred English and French Bulldogs,http://www.tankrtots.com/,303-653-1437,4211 Aryshire Ln
Colorado Red Royal Standard Poodles,https://www.coloradoredroyalstandardpoodles.com/,720-217-2012,2253 E 142nd Ave
Sweetheart Goldens,http://www.sweetheartgoldens.com/,970-393-0474,· Mở cửa lúc 9:00
Linda’s Pups,http://www.lindaspups.com/,303-521-6151,12746 Roundup Rd
Rocky Mountain German Shepherds,http://www.rockymountaingsd.com/,303-816-1032,25957 Richmond Hill Rd
Geschenk Von Gott German Shepherds,http://gvggs.com/,303-838-1132,9888 Fallen Rock Rd
Copper's Mountain Goldendoodles,https://www.coppersmountaingoldendoodles.com/,720-233-5255,842 Colorado Blvd Bx 975
Pike's Peak Portie Puppies,http://www.pikespeakporties.com/,303-909-3010,Đường đi
Mountain Poppy Bernedoodles,http://www.mountainpoppybernedoodles.com/,719-221-5208,28107 Co Rd 301
Slater Creek Golden Retrievers,http://www.slatercreekgoldenretrievers.com/,719-689-0414,County Rd 111
Sunny Ridge Kennels Ltd.,http://sunnyridgekennels.com/,720-318-3028,Đường đi
Colorado French Bulldogs and Jack Russell Terriers,http://www.coloradofrenchbulldogs.com/,970-640-8798,20464 CO-92
"Golden Girls Kennels, LLC Oldest Golden breeder in CO",http://www.goldengirlskennels.com/,970-380-8025,15470 Co Rd R
Cottonwood Puppies,https://cottonwoodpuppies.com/,970-275-3632,· Mở cửa lúc 9:00
Golden Crest Retrievers,https://goldencrestretrievers.com/,719-280-7865,· Mở cửa lúc 7:00
Shining Star Doodles,https://shiningstardoodles.com/,816-853-7723,Đường đi
Playful Posh Puppies,https://www.playfulposhpuppies.com/,,Đường đi
KL Golden Retrievers,http://klgoldenretrievers.com/,970-703-4860,· Mở cửa lúc 9:00
"Pet City Pet Shops - Chapel Hills Mall, Colorado",https://www.petcitypetshops.net/?utm_source=GMBlisting&utm_medium=organic,719-417-2518,(1.537)
Colorado Japanese Spitz,https://coloradojsp.com/,,8137 Shaffer Pkwy
Powder Valley Poodles & Goldendoodles,http://www.powdervalleypoodlesanddoodles.com/,970-568-7585,Đường đi
Colorado Golden Doodlebugs,http://cogoldendoodlebugs.com/?utm_source=google&utm_medium=wix_google_business_profile&utm_campaign=14441583724063066082,970-381-7162,· Mở cửa lúc 9:00
Kimora’s Kreations Kennel,https://www.kimorakreations.com/,720-394-8848,· Mở cửa lúc 9:00
Wirehaired Griffons of Colorado,http://wirehairedgriffonsofcolorado.com/,970-581-4676,7745 CO-14
Huggable Bernedoodles,https://hugadoodle.com/,303-997-2829,11674 Oswego St
Poodles and Goldendoodles of Divide Co,https://poodlesandgoldendoodlesofdivideco.com/,719-233-0509,524 Maroon Lake Cir
Colorado Kool Breed Canines,http://www.coloradokoolbreedcanines.com/,719-229-5748,· Mở cửa lúc 9:00
Shawn Alice Maltese home,https://facebook.com/ShawnAliceMaltesePuppies,609-621-1075,Đường đi
Sandbarr Berners,http://www.sandbarrberners.com/,720-936-8609,Đường đi
Betty's Dogs,http://bettysdogs.com/,303-669-4010,"appointment only, 3525 Colorado Blvd"
Tovah Labradors,https://labradorpuppiesforsale.net/,719-481-9004,250 CO-105
Little Pups of Colorado,https://littlepups.org/,303-859-6419,· Mở cửa lúc 9:00
PTK Ranch,http://www.ptkranch.com/,970-596-3229,· Mở cửa lúc 8:00
Kloud 9 Boxers & Pugs - Boxer and Pug Puppies,http://www.kloud9boxers.com/,720-490-0380,· Mở cửa lúc 9:00
Rocky Mountain Leos,http://www.rockymountainleos.com/,303-808-6614,Đường đi
Merle Creek Aussies,https://www.merlecreekaussies.com/,303-868-8378,8299 County Rd 2
Diamonds In The Ruff Boston Terriers & Shiba Inus,https://diamondsintheruffbostonterriers.com/,303-993-1317,· Mở cửa lúc 9:00
Stocktons Retrievers,http://www.stocktonsretrievers.com/,303-791-1966,7471 W Titan Rd
"Rocky Mountain Companion Dogs, LLC",http://www.shawnasdoglife.com/,303-968-6691,· Mở cửa lúc 9:00
Rogue Haus,http://roguehaus.com/,970-400-1473,· Mở cửa lúc 9:00
Happy Tails Colorado,https://www.happytailscolorado.com/?utm_source=google&utm_medium=wix_google_business_profile&utm_campaign=11251997418140925267,720-339-6542,435 Draw St
Above The Clouds Siberian Service Dogs,https://www.abovethecloudssiberianservicedogs.com/,719-640-0323,730 US-24
Peak Pups,http://www.peakpupscolorado.com/,303-717-7548,Đường đi
Boerboels Colorado,https://boerboelscolorado.com/,720-767-5311,Đường đi
Highlands Australian Cobberdogs,https://www.highlandsaustralianlabradoodles.com/,303-718-3221,· Mở cửa lúc 9:00
Colorado Kool Breed Canine's,https://coloradokoolbreedcanines.com/,719-229-5748,· Mở cửa lúc 9:00
The French Bulldog of Colorado,http://www.thefrenchbulldogofcolorado.com/,719-308-7444,· Đóng cửa vào 23:00
Pikes Peak Pomskies,https://pikespeakpomskies.com/,512-766-7325,· Mở cửa lúc 9:00
Elite Doodles of Colorado,https://elitedoodles.com/,720-939-8735,· Mở cửa lúc 9:00
Colorful Colorado Bulldogs,https://englishbulldogpuppiez.com/,661-432-6065,Đường đi
Vom Dortmunder German Shepherds,http://dortmundergsd.com/,719-205-4158,1 Saddleback Dr
Wiener Wilderness,http://www.wienerwilderness.com/,719-522-3342,· Mở cửa lúc 10:30
Grace Poodles In Colorado,http://www.poodlesinnorthcarolina.com/,719-342-9281,· Mở cửa lúc 9:00
Perfect Pets,http://denverperfectpets.com/,303-972-0191,6840 S University Blvd #410
Denver Rottweilers,https://www.denverrottweilers.com/,720-800-2232,· Mở cửa lúc 8:00
"Oh So Fluffy Doodles, formally Oodles Of Fluffy Doodles",http://ohsofluffydoodles.com/,269-491-1000,· Mở cửa lúc 8:30
Fuzzypups! A Resort & Spa for Small Dogs,http://www.fuzzypups.com/,720-851-1671,1882 CR-178
Mountain Sun Labradoodles,http://www.mountainsunlabradoodles.com/,720-610-7522,· Mở cửa lúc 9:00
Vera Mountain Goldens,http://www.veramountaingoldens.com/,720-440-1759,Đường đi
