"序号","商家名称","评分","评价数","类别","地址","营业状态","电话","官网","地图链接","采集时间"
"1","Sunshine Puppies","4,9","114","Cơ sở chó giống","7500 Ulmerton Rd","","727-333-7512","https://sunpups.com/","https://www.google.com/maps/place/Sunshine+Puppies/data=!4m7!3m6!1s0x88c2fb2273d3aff5:0xd1c93470bd5a7927!8m2!3d27.893626!4d-82.7427636!16s%2Fg%2F11z7116d2t!19sChIJ9a_TcyL7wogRJ3lavXA0ydE?authuser=0&hl=vi&g_ep=EgoyMDI2MDkyNy4wIJJjKgBIAVAD&rclk=1","2026-09-29T09:08:42.947Z"
"2","Forever Love Puppies Miami","","","Cơ sở chó giống","(3.335)","","305-240-6872","https://954puppies.com/puppy-stores/miami","https://www.google.com/maps/place/Forever+Love+Puppies+Miami/data=!4m7!3m6!1s0x88d9c1fcff05ed8d:0x9abf7831fbd45540!8m2!3d25.686512!4d-80.4013878!16s%2Fg%2F11qs3my5wc!19sChIJje0F__zB2YgRQFXU-zF4v5o?authuser=0&hl=vi&g_ep=EgoyMDI2MDkyNy4wIJJjKgBIAVAD&rclk=1","2026-09-29T09:08:42.947Z"
"3","Osborne & Stormborn Florida Kennels","4,7","53","Cơ sở chó giống","4465 Edwards Rd","","813-763-9197","","https://www.google.com/maps/place/Osborne+%26+Stormborn+Florida+Kennels/data=!4m7!3m6!1s0x88dd3309859aa55f:0x56fa7231a588951e!8m2!3d27.9543614!4d-82.1732496!16s%2Fg%2F11bz00ynlx!19sChIJX6WahQkz3YgRHpWIpTFy-lY?authuser=0&hl=vi&g_ep=EgoyMDI2MDkyNy4wIJJjKgBIAVAD&rclk=1","2026-09-29T09:08:42.947Z"
"4","TLC Puppy Love","4,7","344","Cơ sở chó giống","15300 Mustang Haven Lane","","904-838-9628","http://www.tlcpuppylove.com/","https://www.google.com/maps/place/TLC+Puppy+Love/data=!4m7!3m6!1s0x88e5ac12774d7bc7:0xb9cc3e9f4b7338b6!8m2!3d30.520084!4d-81.585049!16s%2Fg%2F11bwfkcft1!19sChIJx3tNdxKs5YgRtjhzS58-zLk?authuser=0&hl=vi&g_ep=EgoyMDI2MDkyNy4wIJJjKgBIAVAD&rclk=1","2026-09-29T09:08:42.947Z"
"5","Florida Fur Babies","4,9","674","Cơ sở chó giống","24730 Sandhill Blvd Unit 904","","941-253-2211","https://www.floridafurbabies.com/","https://www.google.com/maps/place/Florida+Fur+Babies/data=!4m7!3m6!1s0x88dca94e8fd631a9:0xc38fcd523984a236!8m2!3d27.0190724!4d-82.0450752!16s%2Fg%2F11h57lkft7!19sChIJqTHWj06p3IgRNqKEOVLNj8M?authuser=0&hl=vi&g_ep=EgoyMDI2MDkyNy4wIJJjKgBIAVAD&rclk=1","2026-09-29T09:08:42.947Z"
"6","Florida Coast Doodles","5,0","168","Cơ sở chó giống","4 Sequoyah Ct","","386-214-2557","https://floridacoastdoodles.com/","https://www.google.com/maps/place/Florida+Coast+Doodles/data=!4m7!3m6!1s0x88e6dd8e6c6676d1:0xf6ca3a42a3beb815!8m2!3d29.2710031!4d-81.1505384!16s%2Fg%2F11wnzvcplm!19sChIJ0XZmbI7d5ogRFbi-o0I6yvY?authuser=0&hl=vi&g_ep=EgoyMDI2MDkyNy4wIJJjKgBIAVAD&rclk=1","2026-09-29T09:08:42.947Z"
"7","Florida Puppies Online","4,7","355","Cơ sở chó giống","2770 Davis Blvd","","239-877-1757","https://flpuppiesonline.com/","https://www.google.com/maps/place/Florida+Puppies+Online/data=!4m7!3m6!1s0x88dae22ca51a18eb:0x6f110e056900398d!8m2!3d26.1379056!4d-81.7726337!16s%2Fg%2F11clwl411l!19sChIJ6xgapSzi2ogRjTkAaQUOEW8?authuser=0&hl=vi&g_ep=EgoyMDI2MDkyNy4wIJJjKgBIAVAD&rclk=1","2026-09-29T09:08:42.947Z"
"8","Waggles Kendall·Đường liên kết đã truy cập","4,9","456","Cơ sở chó giống","12552 SW 120th St","","786-244-2567","https://www.waggleskendall.com/","https://www.google.com/maps/place/Waggles+Kendall/data=!4m7!3m6!1s0x88d9c19aa03bdc45:0xd3148146c7551542!8m2!3d25.6556224!4d-80.3972898!16s%2Fg%2F11yvjkr0n4!19sChIJRdw7oJrB2YgRQhVVx0aBFNM?authuser=0&hl=vi&g_ep=EgoyMDI2MDkyNy4wIJJjKgBIAVAD&rclk=1","2026-09-29T09:08:42.947Z"
"9","Forever Love Puppies Ft. Lauderdale·Đường liên kết đã truy cập","","","Cơ sở chó giống","(3.221)","","954-228-9942","https://954puppies.com/puppy-stores/ft-lauderdale?utm_campaign=gmb","https://www.google.com/maps/place/Forever+Love+Puppies+Ft.+Lauderdale/data=!4m7!3m6!1s0x88d90702f4a301f9:0xbb001fb35099ef2c!8m2!3d26.1770557!4d-80.2043003!16s%2Fg%2F11r5v8c00b!19sChIJ-QGj9AIH2YgRLO-ZULMfALs?authuser=0&hl=vi&g_ep=EgoyMDI2MDkyNy4wIJJjKgBIAVAD&rclk=1","2026-09-29T09:08:46.565Z"
"10","Diamondcrest Farms","4,7","46","Cơ sở chó giống","9007 Carey Rd","","603-998-0628","http://diamondcrestfarms.com/","https://www.google.com/maps/place/Diamondcrest+Farms/data=!4m7!3m6!1s0x88dd2fe0d5677299:0xa2ebda4d59bcf1e!8m2!3d27.87776!4d-82.059811!16s%2Fg%2F11d_tct1yp!19sChIJmXJn1eAv3YgRHs-b1aS9Lgo?authuser=0&hl=vi&g_ep=EgoyMDI2MDkyNy4wIJJjKgBIAVAD&rclk=1","2026-09-29T09:08:46.565Z"
"11","Southernwind Kennels | German Shepherd Puppies","4,8","276","Cơ sở chó giống","19115 Phillips Rd","","352-667-3844","https://www.southernwindk9.com/","https://www.google.com/maps/place/Southernwind+Kennels+%7C+German+Shepherd+Puppies/data=!4m7!3m6!1s0x88c2a7966c8985e5:0xd9bf755e2e7410c!8m2!3d28.4397747!4d-82.4167346!16s%2Fg%2F1pp2v01l8!19sChIJ5YWJbJanwogRDEHn4lX3mw0?authuser=0&hl=vi&g_ep=EgoyMDI2MDkyNy4wIJJjKgBIAVAD&rclk=1","2026-09-29T09:08:46.565Z"
"12","South Florida German Shepherds","4,7","89","Cơ sở chó giống","3541 NW 20th St","","305-904-9796","https://www.southfloridashepherds.com/","https://www.google.com/maps/place/South+Florida+German+Shepherds/data=!4m7!3m6!1s0x88d9b48e29ba077f:0x6ad435d6f694f6c6!8m2!3d25.7941892!4d-80.2533348!16s%2Fg%2F11c0pyhw2k!19sChIJfwe6KY602YgRxvaU9tY11Go?authuser=0&hl=vi&g_ep=EgoyMDI2MDkyNy4wIJJjKgBIAVAD&rclk=1","2026-09-29T09:08:46.565Z"
"13","Forever Love Puppies Pembroke Pines·Đường liên kết đã truy cập","","","Cơ sở chó giống","(4.590)","","954-228-8630","https://954puppies.com/puppy-stores/pembroke-pines","https://www.google.com/maps/place/Forever+Love+Puppies+Pembroke+Pines/data=!4m7!3m6!1s0x88d9a99116eeefdd:0x524a41d59387b346!8m2!3d26.0088174!4d-80.2757171!16s%2Fg%2F11f64ct12b!19sChIJ3e_uFpGp2YgRRrOHk9VBSlI?authuser=0&hl=vi&g_ep=EgoyMDI2MDkyNy4wIJJjKgBIAVAD&rclk=1","2026-09-29T09:08:46.565Z"
"14","J&D Puppies of Florida","4,9","113","Cơ sở chó giống","· Mở cửa lúc 7:00","","407-274-4951","http://jdpuppies.com/?utm_source=google&utm_medium=wix_google_business_profile&utm_campaign=6837045055690584650","https://www.google.com/maps/place/J%26D+Puppies+of+Florida/data=!4m7!3m6!1s0xc215a922982999b:0xd6e028e79258a3b7!8m2!3d27.698638!4d-83.804601!16s%2Fg%2F11tx7x38zx!19sChIJm5mCKZJaIQwRt6NYkuco4NY?authuser=0&hl=vi&g_ep=EgoyMDI2MDkyNy4wIJJjKgBIAVAD&rclk=1","2026-09-29T09:08:46.565Z"
"15","Sanders Kennels LLC","5,0","5","Cơ sở chó giống","1006 N Parsons Ave","","404-408-5121","https://www.sanderskennels.com/","https://www.google.com/maps/place/Sanders+Kennels+LLC/data=!4m7!3m6!1s0x88c2cb13dccc9a43:0x99a6cce91f25c5dd!8m2!3d28.0071319!4d-82.2862886!16s%2Fg%2F11nq09d7pt!19sChIJQ5rM3BPLwogR3cUlH-nMppk?authuser=0&hl=vi&g_ep=EgoyMDI2MDkyNy4wIJJjKgBIAVAD&rclk=1","2026-09-29T09:08:46.565Z"
"16","Highfalutin Furry Babies","4,9","186","Cơ sở chó giống","24920 Derby Dr","","689-777-0267","http://www.highfalutinfurrybabies.com/","https://www.google.com/maps/place/Highfalutin+Furry+Babies/data=!4m7!3m6!1s0x88e7a1e0f0afec19:0x27f57dee5b5a782!8m2!3d28.852816!4d-81.5360645!16s%2Fg%2F11hz2ysnxz!19sChIJGeyv8OCh54gRgqe15d5XfwI?authuser=0&hl=vi&g_ep=EgoyMDI2MDkyNy4wIJJjKgBIAVAD&rclk=1","2026-09-29T09:08:46.565Z"
"17","RNR Puppies, LLC","4,8","32","Cơ sở chó giống","4702 Knights Station Rd","","863-797-5097","https://www.facebook.com/profile.php?id=61572428831299&mibextid=wwXIfr&mibextid=wwXIfr","https://www.google.com/maps/place/RNR+Puppies,+LLC/data=!4m7!3m6!1s0x88dd4936bd035661:0x35723d8ce93b29ec!8m2!3d28.0808802!4d-82.0421973!16s%2Fg%2F11l_64ttls!19sChIJYVYDvTZJ3YgR7Ck76Yw9cjU?authuser=0&hl=vi&g_ep=EgoyMDI2MDkyNy4wIJJjKgBIAVAD&rclk=1","2026-09-29T09:08:51.392Z"
"18","Blue Sky Puppies Orlando","","","Cơ sở chó giống","(3.422)","","407-565-6194","https://blueskypuppies.com/puppy-stores/orlando","https://www.google.com/maps/place/Blue+Sky+Puppies+Orlando/data=!4m7!3m6!1s0x88dd7df50b816811:0x333484fd4cf626c8!8m2!3d28.3463975!4d-81.6599178!16s%2Fg%2F11p73vfh2_!19sChIJEWiBC_V93YgRyCb2TP2ENDM?authuser=0&hl=vi&g_ep=EgoyMDI2MDkyNy4wIJJjKgBIAVAD&rclk=1","2026-09-29T09:08:51.392Z"
"19","Fancy Florida Puppies","5,0","108","Cơ sở chó giống","· Mở cửa lúc 8:00","","727-777-2222","https://www.fancyfloridapuppies.com/","https://www.google.com/maps/place/Fancy+Florida+Puppies/data=!4m7!3m6!1s0x88e7d50edb78953f:0xa212075e7b955d3!8m2!3d46.423669!4d-129.9427086!16s%2Fg%2F11y3d7k96q!19sChIJP5V42w7V54gR01W553UgIQo?authuser=0&hl=vi&g_ep=EgoyMDI2MDkyNy4wIJJjKgBIAVAD&rclk=1","2026-09-29T09:08:51.392Z"
"20","Von Florida German Shepherds·Đường liên kết đã truy cập","4,8","88","Cơ sở chó giống","2810 SW 114th Ave","","786-916-9476","http://vonflgs.com/","https://www.google.com/maps/place/Von+Florida+German+Shepherds/data=!4m7!3m6!1s0x283cca9509d8adcf:0xe51a69b02474c396!8m2!3d25.7425605!4d-80.3803487!16s%2Fg%2F11nxr7wx0j!19sChIJz63YCZXKPCgRlsN0JLBpGuU?authuser=0&hl=vi&g_ep=EgoyMDI2MDkyNy4wIJJjKgBIAVAD&rclk=1","2026-09-29T09:08:51.392Z"
"21","Whispering Meadows Kennels","4,9","35","Cơ sở chó giống","20936 County Line Rd","","352-585-6722","https://www.whisperingmeadowskennels.com/?utm_source=google&utm_medium=wix_google_business_profile&utm_campaign=6676437026655790015","https://www.google.com/maps/place/Whispering+Meadows+Kennels/data=!4m7!3m6!1s0x88c2a7b2090d6c53:0xb0542fb10236981b!8m2!3d28.431916!4d-82.470386!16s%2Fg%2F11vhxq3v4t!19sChIJU2wNCbKnwogRG5g2ArEvVLA?authuser=0&hl=vi&g_ep=EgoyMDI2MDkyNy4wIJJjKgBIAVAD&rclk=1","2026-09-29T09:08:53.810Z"
"22","Legends of Denmark","4,6","17","Cơ sở chó giống","Đường đi","","904-627-0304","","https://www.google.com/maps/place/Legends+of+Denmark/data=!4m7!3m6!1s0x88e5bf107c34a1c3:0x39bccc7955b8c00d!8m2!3d30.302458!4d-81.809784!16s%2Fg%2F1260gw9lk!19sChIJw6E0fBC_5YgRDcC4VXnMvDk?authuser=0&hl=vi&g_ep=EgoyMDI2MDkyNy4wIJJjKgBIAVAD&rclk=1","2026-09-29T09:08:53.810Z"
"23","Lakewood Kennels - European Doberman Breeder & Puppies·Đường liên kết đã truy cập","5,0","129","Cơ sở chó giống","2645 Executive Park Dr","","954-947-9483","https://www.lakewoodkennels.com/","https://www.google.com/maps/place/Lakewood+Kennels+-+European+Doberman+Breeder+%26+Puppies/data=!4m7!3m6!1s0x88d9a1623d15a995:0xfec07948afa320c6!8m2!3d26.0859137!4d-80.374267!16s%2Fg%2F11trl44dhm!19sChIJlakVPWKh2YgRxiCjr0h5wP4?authuser=0&hl=vi&g_ep=EgoyMDI2MDkyNy4wIJJjKgBIAVAD&rclk=1","2026-09-29T09:08:53.810Z"
"24","PupsByMel Puppies of Florida","4,9","60","Cơ sở chó giống","Đường đi","","305-906-0682","http://www.pupsbymel.com/","https://www.google.com/maps/place/PupsByMel+Puppies+of+Florida/data=!4m7!3m6!1s0x44e3211b26bdfb67:0x5e00f2c37266e194!8m2!3d28.397331!4d-81.8853765!16s%2Fg%2F11sr08ky78!19sChIJZ_u9Jhsh40QRlOFmcsPyAF4?authuser=0&hl=vi&g_ep=EgoyMDI2MDkyNy4wIJJjKgBIAVAD&rclk=1","2026-09-29T09:08:53.811Z"
"25","PUPPY LOVE FLORIDA","5,0","1","Cơ sở chó giống","773 NW 170th Terrace","","954-706-1152","https://www.puppylovefl.com/?utm_source=google&utm_medium=wix_google_business_profile&utm_campaign=274505551785044374","https://www.google.com/maps/place/PUPPY+LOVE+FLORIDA/data=!4m7!3m6!1s0x88d9a1566e634d5b:0x3c141ce121fb32e1!8m2!3d26.01182!4d-80.373087!16s%2Fg%2F11l218_87m!19sChIJW01jblah2YgR4TL7IeEcFDw?authuser=0&hl=vi&g_ep=EgoyMDI2MDkyNy4wIJJjKgBIAVAD&rclk=1","2026-09-29T09:08:53.811Z"
"26","Sweetwater Kennels","5,0","8","Cơ sở chó giống","2800 SW 1st Way","","352-888-2497","http://sweetwaterkennelsllc.com/","https://www.google.com/maps/place/Sweetwater+Kennels/data=!4m7!3m6!1s0x88e8a391ed861ff3:0xf59c76bfc4732b57!8m2!3d29.62675!4d-82.3256514!16s%2Fg%2F11xg4lzblk!19sChIJ8x-G7ZGj6IgRVytzxL92nPU?authuser=0&hl=vi&g_ep=EgoyMDI2MDkyNy4wIJJjKgBIAVAD&rclk=1","2026-09-29T09:08:53.811Z"
"27","Cavalier King Charles Spaniel Breeder Florida","5,0","40","Cơ sở chó giống","3541 NW 20th St","","305-527-5511","https://www.worldclasscavaliers.com/","https://www.google.com/maps/place/Cavalier+King+Charles+Spaniel+Breeder+Florida/data=!4m7!3m6!1s0x88d9b7d4c6e66773:0x4fb8739458721762!8m2!3d25.7941427!4d-80.2533349!16s%2Fg%2F11h22m0fc8!19sChIJc2fmxtS32YgRYhdyWJRzuE8?authuser=0&hl=vi&g_ep=EgoyMDI2MDkyNy4wIJJjKgBIAVAD&rclk=1","2026-09-29T09:08:53.811Z"
"28","Seaside Pups","4,9","401","Cửa hàng vật nuôi","5544 Cynthia Ln","","239-379-8233","http://www.seasidepups.com/","https://www.google.com/maps/place/Seaside+Pups/data=!4m7!3m6!1s0x88dae3533e79929f:0x3d5faa3513c948f7!8m2!3d26.1216431!4d-81.7324839!16s%2Fg%2F11t55fr8b1!19sChIJn5J5PlPj2ogR90jJEzWqXz0?authuser=0&hl=vi&g_ep=EgoyMDI2MDkyNy4wIJJjKgBIAVAD&rclk=1","2026-09-29T09:08:53.811Z"
"29","Waggles Fort Myers","4,9","162","Cơ sở chó giống","4391 Colonial Blvd #122","","239-734-7021","https://www.wagglesfortmyers.com/","https://www.google.com/maps/place/Waggles+Fort+Myers/data=!4m7!3m6!1s0x88db6b9a632d8d83:0xfbaee56789360caa!8m2!3d26.6086229!4d-81.8241335!16s%2Fg%2F11wtwnzpp1!19sChIJg40tY5pr24gRqgw2iWflrvs?authuser=0&hl=vi&g_ep=EgoyMDI2MDkyNy4wIJJjKgBIAVAD&rclk=1","2026-09-29T09:08:57.438Z"
"30","Rae Precious Puppies","4,9","77","Cơ sở chó giống","· Mở cửa lúc 8:00","","407-729-9217","http://raespuppies.com/","https://www.google.com/maps/place/Rae+Precious+Puppies/data=!4m7!3m6!1s0x88e7630a290e8307:0xf28250cf217973a!8m2!3d27.2475645!4d-81.3458495!16s%2Fg%2F11jmzjxyvc!19sChIJB4MOKQpj54gROpcX8gwlKA8?authuser=0&hl=vi&g_ep=EgoyMDI2MDkyNy4wIJJjKgBIAVAD&rclk=1","2026-09-29T09:08:57.438Z"
"31","Beshara Kennels","4,8","159","Cơ sở chó giống","14797 SE 95th St","","904-520-2847","https://www.besharakennels.com/","https://www.google.com/maps/place/Beshara+Kennels/data=!4m7!3m6!1s0x88e433211641bbbd:0xc21aef964c9a4b11!8m2!3d30.3648402!4d-82.8195914!16s%2Fg%2F11c58pnppw!19sChIJvbtBFiEz5IgREUuaTJbvGsI?authuser=0&hl=vi&g_ep=EgoyMDI2MDkyNy4wIJJjKgBIAVAD&rclk=1","2026-09-29T09:08:57.438Z"
"32","Poetic French Bulldogs","4,8","69","Cơ sở chó giống","500 SE 7th Ave","","954-242-0300","https://poeticfrenchbulldogs.com/","https://www.google.com/maps/place/Poetic+French+Bulldogs/data=!4m7!3m6!1s0x88d903bd23768541:0x43b7a0ea3d69c435!8m2!3d26.2235537!4d-80.1111892!16s%2Fg%2F11mv4f_kpk!19sChIJQYV2I70D2YgRNcRpPeqgt0M?authuser=0&hl=vi&g_ep=EgoyMDI2MDkyNy4wIJJjKgBIAVAD&rclk=1","2026-09-29T09:08:57.438Z"
"33","Quality Puppies USA","4,5","137","Cơ sở chó giống","3222 SE 110th St","","352-553-2778","http://www.qualitypuppiesusa.com/","https://www.google.com/maps/place/Quality+Puppies+USA/data=!4m7!3m6!1s0x88e7d170cd6ce3dd:0x7c025fa51acde7d1!8m2!3d29.0620844!4d-82.0923594!16s%2Fg%2F11h_xmv05x!19sChIJ3eNszXDR54gR0efNGqVfAnw?authuser=0&hl=vi&g_ep=EgoyMDI2MDkyNy4wIJJjKgBIAVAD&rclk=1","2026-09-29T09:08:57.438Z"
"34","Exquisite Pups by Christine","4,4","64","Cơ sở chó giống","1032 S Lake Mariam Dr","","863-414-5580","http://www.exquisitepupsbychristine.com/About-Us.html","https://www.google.com/maps/place/Exquisite+Pups+by+Christine/data=!4m7!3m6!1s0x88dd12849027de61:0xf8633a06375ba0d8!8m2!3d28.0111415!4d-81.6974233!16s%2Fg%2F11ghq__b4x!19sChIJYd4nkIQS3YgR2KBbNwY6Y_g?authuser=0&hl=vi&g_ep=EgoyMDI2MDkyNy4wIJJjKgBIAVAD&rclk=1","2026-09-29T09:08:57.438Z"
"35","Bruno Happy Dogs·Đường liên kết đã truy cập","4,9","366","Cơ sở chó giống","6540 Melaleuca Rd","","786-602-5294","https://www.brunohappydogs.com/newsite/","https://www.google.com/maps/place/Bruno+Happy+Dogs/data=!4m7!3m6!1s0x88d9a657d1b15555:0x38d626950a23c72!8m2!3d26.0373501!4d-80.3206976!16s%2Fg%2F11hzysxvwg!19sChIJVVWx0Vem2YgRcjyiUGlijQM?authuser=0&hl=vi&g_ep=EgoyMDI2MDkyNy4wIJJjKgBIAVAD&rclk=1","2026-09-29T09:08:57.438Z"
"36","Happy Doodles Town LLC","5,0","74","Cơ sở chó giống","12650 SW 191st St","","786-399-8118","http://www.happydoodlestown.com/","https://www.google.com/maps/place/Happy+Doodles+Town+LLC/data=!4m7!3m6!1s0x91d7eb4dc2954fb:0xaa9e3ce4e66c8c77!8m2!3d25.5889441!4d-80.3958087!16s%2Fg%2F11ry8pyrfg!19sChIJ-1Qp3LR-HQkRd4xs5uQ8nqo?authuser=0&hl=vi&g_ep=EgoyMDI2MDkyNy4wIJJjKgBIAVAD&rclk=1","2026-09-29T09:08:57.438Z"
"37","FANCY FLORIDA PUPPIES, LLC","5,0","1","Cơ sở chó giống","1411 SW 23rd Pl","","","","https://www.google.com/maps/place/FANCY+FLORIDA+PUPPIES,+LLC/data=!4m7!3m6!1s0x88e7d5001bfbb647:0xe89ba04f8f2ae837!8m2!3d29.1654412!4d-82.1514634!16s%2Fg%2F11xkxkchqn!19sChIJR7b7GwDV54gRN-gqj0-gm-g?authuser=0&hl=vi&g_ep=EgoyMDI2MDkyNy4wIJJjKgBIAVAD&rclk=1","2026-09-29T09:09:02.932Z"
"38","Delsie Kennels","5,0","1","Cơ sở chó giống","197 Sandpiper Ave","","954-591-1343","https://www.delsiekennelsfl.com/","https://www.google.com/maps/place/Delsie+Kennels/data=!4m7!3m6!1s0x88d92f094c4293ed:0x99c2e300da827640!8m2!3d26.6952627!4d-80.2199447!16s%2Fg%2F11w9qs7ksf!19sChIJ7ZNCTAkv2YgRQHaC2gDjwpk?authuser=0&hl=vi&g_ep=EgoyMDI2MDkyNy4wIJJjKgBIAVAD&rclk=1","2026-09-29T09:09:02.932Z"
"39","C&K Yorkie Puppies Breeder Florida","5,0","1","Cơ sở chó giống","400 NW 48th St","","","https://yorkiepuppie-df6dcsuc.manus.space/","https://www.google.com/maps/place/C%26K+Yorkie+Puppies+Breeder+Florida/data=!4m7!3m6!1s0x88d9b1df8546c11b:0xce17852107d0bd7d!8m2!3d25.8191224!4d-80.2030445!16s%2Fg%2F11zfbbymyf!19sChIJG8FGhd-x2YgRfb3QByGFF84?authuser=0&hl=vi&g_ep=EgoyMDI2MDkyNy4wIJJjKgBIAVAD&rclk=1","2026-09-29T09:09:02.932Z"
"40","Florida dogs breeder","","","Cơ sở chó giống","100 S Orange Ave","","856-271-6760","","https://www.google.com/maps/place/Florida+dogs+breeder/data=!4m7!3m6!1s0x88e77ba3c86af98d:0x8ee99c3e56b75619!8m2!3d28.5412085!4d-81.3791652!16s%2Fg%2F11nw2h630m!19sChIJjflqyKN754gRGVa3Vj6c6Y4?authuser=0&hl=vi&g_ep=EgoyMDI2MDkyNy4wIJJjKgBIAVAD&rclk=1","2026-09-29T09:09:02.932Z"
"41","Paradise Puppies","4,8","167","Cửa hàng vật nuôi","1164 N Federal Hwy","","954-960-2007","https://myparadisepuppies.com/","https://www.google.com/maps/place/Paradise+Puppies/data=!4m7!3m6!1s0x88d90347fd18a469:0x66557a67ec59cc74!8m2!3d26.2457588!4d-80.101103!16s%2Fg%2F11wvm85mp9!19sChIJaaQY_UcD2YgRdMxZ7Gd6VWY?authuser=0&hl=vi&g_ep=EgoyMDI2MDkyNy4wIJJjKgBIAVAD&rclk=1","2026-09-29T09:09:05.348Z"
"42","Nick’s puppies","4,8","38","Cơ sở chó giống","1436 E Atlantic Blvd","","954-468-6124","https://www.nickspuppies.com/","https://www.google.com/maps/place/Nick%E2%80%99s+puppies/data=!4m7!3m6!1s0x88d9016f00a5e649:0x109ceff6fd46e18a!8m2!3d26.2314643!4d-80.1090516!16s%2Fg%2F11v6d_f1v3!19sChIJSealAG8B2YgRiuFG_fbvnBA?authuser=0&hl=vi&g_ep=EgoyMDI2MDkyNy4wIJJjKgBIAVAD&rclk=1","2026-09-29T09:09:05.348Z"
"43","Von Hause CK&B Rotts LLC (Rottweiler & Labrador Breeder Florida)","4,9","51","Cơ sở chó giống","· Mở cửa lúc 8:00","","","https://www.vonhauseckbrotts.com/","https://www.google.com/maps/place/Von+Hause+CK%26B+Rotts+LLC+%28Rottweiler+%26+Labrador+Breeder+Florida%29/data=!4m7!3m6!1s0xc7d95f797d57427:0x675c7050b9e5f006!8m2!3d29.702168!4d-84.2237664!16s%2Fg%2F11t0rdml3q!19sChIJJ3TVl_eVfQwRBvDluVBwXGc?authuser=0&hl=vi&g_ep=EgoyMDI2MDkyNy4wIJJjKgBIAVAD&rclk=1","2026-09-29T09:09:05.348Z"
"44","Parisian Puppies Goldendoodles Tampa","5,0","18","Cơ sở chó giống","16055 State Rd 52","","813-373-3691","http://www.parisianpuppies.com/","https://www.google.com/maps/place/Parisian+Puppies+Goldendoodles+Tampa/data=!4m7!3m6!1s0x88c2a3978843bb13:0xb7000f47b14a3a31!8m2!3d28.3311144!4d-82.5477083!16s%2Fg%2F11qm9swymq!19sChIJE7tDiJejwogRMTpKsUcPALc?authuser=0&hl=vi&g_ep=EgoyMDI2MDkyNy4wIJJjKgBIAVAD&rclk=1","2026-09-29T09:09:05.348Z"
"45","Simply B Puppy Ranch","4,9","27","Cơ sở chó giống","Đường đi","","352-322-4033","https://simplybpuppyranch.com/","https://www.google.com/maps/place/Simply+B+Puppy+Ranch/data=!4m7!3m6!1s0x88d9a128e2d6288b:0xf8b42ab7a7a3e579!8m2!3d27.698638!4d-83.804601!16s%2Fg%2F11t6x4hcr7!19sChIJiyjW4iih2YgReeWjp7cqtPg?authuser=0&hl=vi&g_ep=EgoyMDI2MDkyNy4wIJJjKgBIAVAD&rclk=1","2026-09-29T09:09:05.348Z"
"46","Michele's Puppies & Paws - Maltipoo Puppies Florida","5,0","2","Cơ sở chó giống","· Mở cửa lúc 8:00","","103-3611","http://michelespuppiesandpaws.com/","https://www.google.com/maps/place/Michele%27s+Puppies+%26+Paws+-+Maltipoo+Puppies+Florida/data=!4m7!3m6!1s0x4fb733034c8de22d:0x930a514e08c2fc12!8m2!3d28.1355103!4d-82.3825722!16s%2Fg%2F11pz4kr5_n!19sChIJLeKNTAMzt08REvzCCE5RCpM?authuser=0&hl=vi&g_ep=EgoyMDI2MDkyNy4wIJJjKgBIAVAD&rclk=1","2026-09-29T09:09:05.348Z"
"47","Michelle ShihTzu","5,0","2","Cơ sở chó giống","5405 Heckscher Dr","","352-363-8587","https://www.facebook.com/share/19wZRCPhBr/?mibextid=wwXIfr","https://www.google.com/maps/place/Michelle+ShihTzu/data=!4m7!3m6!1s0x88e5b3e7e558f9f1:0xe6e188f412f37ee9!8m2!3d30.4161708!4d-81.5267611!16s%2Fg%2F11y0tb8h9p!19sChIJ8flY5eez5YgR6X7zEvSI4eY?authuser=0&hl=vi&g_ep=EgoyMDI2MDkyNy4wIJJjKgBIAVAD&rclk=1","2026-09-29T09:09:05.348Z"
"48","Von Calvo German Shepherds/Black Label German Shepherds®","4,7","100","Cơ sở chó giống","1811 SW 92nd Pl","","786-271-0118","http://www.voncalvo.com/","https://www.google.com/maps/place/Von+Calvo+German+Shepherds%2FBlack+Label+German+Shepherds%C2%AE/data=!4m7!3m6!1s0x88d9b8c25896a443:0x11115754376c06cb!8m2!3d25.7526241!4d-80.3452318!16s%2Fg%2F1hc2jyk8t!19sChIJQ6SWWMK42YgRywZsN1RXERE?authuser=0&hl=vi&g_ep=EgoyMDI2MDkyNy4wIJJjKgBIAVAD&rclk=1","2026-09-29T09:09:05.348Z"
"49","Chews A Puppy","","","Cửa hàng vật nuôi","11167 W Colonial Dr","","11.354)","http://chewsapuppyfl.com/","https://www.google.com/maps/place/Chews+A+Puppy/data=!4m7!3m6!1s0x88e78344cc736167:0xc6b9b246f1819c15!8m2!3d28.5525671!4d-81.5449164!16s%2Fg%2F11gjjw5dt_!19sChIJZ2FzzESD54gRFZyB8UayucY?authuser=0&hl=vi&g_ep=EgoyMDI2MDkyNy4wIJJjKgBIAVAD&rclk=1","2026-09-29T09:09:28.143Z"
"50","South West Florida Labradors","4,9","171","Cơ sở chó giống","34460 Bermont Rd","","941-979-1729","http://www.southwestfloridalabs.com/","https://www.google.com/maps/place/South+West+Florida+Labradors/data=!4m7!3m6!1s0x88dca10f92c8d009:0xb8e480e92267af03!8m2!3d26.9475403!4d-81.8839865!16s%2Fg%2F11gh95lxt7!19sChIJCdDIkg-h3IgRA69nIumA5Lg?authuser=0&hl=vi&g_ep=EgoyMDI2MDkyNy4wIJJjKgBIAVAD&rclk=1","2026-09-29T09:09:28.143Z"
"51","Epic Puppies","4,4","340","Cơ sở chó giống","8173 SW 40th St","","786-717-6477","https://www.epicpuppies.com/","https://www.google.com/maps/place/Epic+Puppies/data=!4m7!3m6!1s0x88d9b99f23099e2f:0xa2a8048addfd4196!8m2!3d25.7336457!4d-80.3266165!16s%2Fg%2F11hz9qp6qq!19sChIJL54JI5-52YgRlkH93YoEqKI?authuser=0&hl=vi&g_ep=EgoyMDI2MDkyNy4wIJJjKgBIAVAD&rclk=1","2026-09-29T09:09:28.143Z"
"52","Chihuahuas Miami","4,9","53","Cơ sở chó giống","8872 NW 56th St","","786-342-8148","https://chihuahuasmiami.com/","https://www.google.com/maps/place/Chihuahuas+Miami/data=!4m7!3m6!1s0x88d91ace8c13ffff:0x2d2eb501413fdaf8!8m2!3d26.2993854!4d-80.2455601!16s%2Fg%2F11vwf31zn7!19sChIJ__8TjM4a2YgR-No_QQG1Li0?authuser=0&hl=vi&g_ep=EgoyMDI2MDkyNy4wIJJjKgBIAVAD&rclk=1","2026-09-29T09:09:28.143Z"
"53","Berner Haüs·Đường liên kết đã truy cập","5,0","1","Cơ sở chó giống","Tigertail Ave","","774-722-8527","","https://www.google.com/maps/place/Berner+Ha%C3%BCs/data=!4m7!3m6!1s0x88d9b645a2318f45:0x47df9558e0595785!8m2!3d25.7392371!4d-80.2292881!16s%2Fg%2F11f_3_6x1f!19sChIJRY8xokW22YgRhVdZ4FiV30c?authuser=0&hl=vi&g_ep=EgoyMDI2MDkyNy4wIJJjKgBIAVAD&rclk=1","2026-09-29T09:09:28.143Z"
"54","Petland Miami","","","Cơ sở chó giống","(3.002)","","786-484-0102","https://www.petlandmiami.com/?utm_source=GMBlisting&utm_medium=organic","https://www.google.com/maps/place/Petland+Miami/data=!4m7!3m6!1s0x88d9c0c263f84121:0xaf67eab490cc03d3!8m2!3d25.6913499!4d-80.3871505!16s%2Fg%2F11f1pq9y6k!19sChIJIUH4Y8LA2YgR0wPMkLTqZ68?authuser=0&hl=vi&g_ep=EgoyMDI2MDkyNy4wIJJjKgBIAVAD&rclk=1","2026-09-29T09:09:28.143Z"
"55","Nessy's Puppies of Kendall","4,6","578","Cơ sở chó giống","8690 SW 137th Ct","","786-758-8505","https://nessyspuppiesofkendall.com/?utm_campaign=gmb","https://www.google.com/maps/place/Nessy%27s+Puppies+of+Kendall/data=!4m7!3m6!1s0x88d9c06387e71f5f:0x2c95e27aa821260a!8m2!3d25.686563!4d-80.417368!16s%2Fg%2F1jglrx886!19sChIJXx_nh2PA2YgRCiYhqHrilSw?authuser=0&hl=vi&g_ep=EgoyMDI2MDkyNy4wIJJjKgBIAVAD&rclk=1","2026-09-29T09:09:28.143Z"
"56","Goldendoodles of Miami Corp. Goldendoodle Puppies","4,5","102","Cơ sở chó giống","15836 SW 137th Ave","","305-927-4551","http://www.goldendoodlesofmiami.com/","https://www.google.com/maps/place/Goldendoodles+of+Miami+Corp.+Goldendoodle+Puppies/data=!4m7!3m6!1s0x88d9e9edee9dd709:0x94a7fd34ab0d8069!8m2!3d25.6199359!4d-80.4154139!16s%2Fg%2F11rw_zrqy2!19sChIJCded7u3p2YgRaYANqzT9p5Q?authuser=0&hl=vi&g_ep=EgoyMDI2MDkyNy4wIJJjKgBIAVAD&rclk=1","2026-09-29T09:09:28.143Z"
"57","DarkSide K9's","4,9","16","Cơ sở chó giống","3401 Mexicali St","","727-698-5618","https://www.jotform.com/app/222568574518870?fbclid=IwAR34DJRccXfvEucm9YFW1a28TEf8itFuOlZH1aS1tDKfqL4AIMeMAcosH2g","https://www.google.com/maps/place/DarkSide+K9%27s/data=!4m7!3m6!1s0x88c2913a632d75c5:0x1bf30f65ee087226!8m2!3d28.2083339!4d-82.6854553!16s%2Fg%2F11pxbdl8dt!19sChIJxXUtYzqRwogRJnII7mUP8xs?authuser=0&hl=vi&g_ep=EgoyMDI2MDkyNy4wIJJjKgBIAVAD&rclk=1","2026-09-29T09:09:40.718Z"
"58","Kat's Yorkie Maltipoo Morkie Yorkipoo Toy Poodle Puppies in Florida","4,7","83","Cơ sở chó giống","578 SE Brawley Terrace","","352-538-9431","https://www.katskennelpups.com/","https://www.google.com/maps/place/Kat%27s+Yorkie+Maltipoo+Morkie+Yorkipoo+Toy+Poodle+Puppies+in+Florida/data=!4m7!3m6!1s0x88eda167421720b3:0xa337443cafa8977c!8m2!3d29.892068!4d-82.587309!16s%2Fg%2F1vs5xk6m!19sChIJsyAXQmeh7YgRfJeorzxEN6M?authuser=0&hl=vi&g_ep=EgoyMDI2MDkyNy4wIJJjKgBIAVAD&rclk=1","2026-09-29T09:09:40.718Z"
"59","Starlight Kennels","4,9","29","Cơ sở chó giống","Đường đi","","352-355-8900","http://www.starlightkennels.info/","https://www.google.com/maps/place/Starlight+Kennels/data=!4m7!3m6!1s0x88e7d1df76109a93:0x26218485b5ec7992!8m2!3d27.698638!4d-83.804601!16s%2Fg%2F11h4_9dld8!19sChIJk5oQdt_R54gRknnstYWEISY?authuser=0&hl=vi&g_ep=EgoyMDI2MDkyNy4wIJJjKgBIAVAD&rclk=1","2026-09-29T09:09:40.718Z"
"60","Puppies Direct","4,7","176","Cơ sở chó giống","7014 SW 87th Ave","","786-321-5312","https://www.puppiesdirect.co/","https://www.google.com/maps/place/Puppies+Direct/data=!4m7!3m6!1s0x88d9c77f3022cb0f:0xf4dbd1d2bd4bc1d2!8m2!3d25.7036716!4d-80.3344942!16s%2Fg%2F11rn06jw28!19sChIJD8siMH_H2YgR0sFLvdLR2_Q?authuser=0&hl=vi&g_ep=EgoyMDI2MDkyNy4wIJJjKgBIAVAD&rclk=1","2026-09-29T09:09:40.718Z"
"61","Toy Puppies, Inc.·Đường liên kết đã truy cập","4,3","32","Cơ sở chó giống","5121 SW 111th Terrace","","954-434-4116","http://myras-toypuppies.com/","https://www.google.com/maps/place/Toy+Puppies,+Inc./data=!4m7!3m6!1s0x88d9ac91e0ecb2cf:0x238485a7f8949507!8m2!3d26.0550528!4d-80.2966165!16s%2Fg%2F1tf3cbcq!19sChIJz7Ls4JGs2YgRB5WU-KeFhCM?authuser=0&hl=vi&g_ep=EgoyMDI2MDkyNy4wIJJjKgBIAVAD&rclk=1","2026-09-29T09:09:43.125Z"
"62","Petland Pembroke Pines·Đường liên kết đã truy cập","","","Cơ sở chó giống","(6.289)","","954-250-9042","https://petlandpembrokepines.com/?utm_source=GMBlisting&utm_medium=organic","https://www.google.com/maps/place/Petland+Pembroke+Pines/data=!4m7!3m6!1s0x88d9a8c41ae2e5b7:0xd40677709c4a777d!8m2!3d26.0126377!4d-80.2501615!16s%2Fg%2F1tqnmfhd!19sChIJt-XiGsSo2YgRfXdKnHB3BtQ?authuser=0&hl=vi&g_ep=EgoyMDI2MDkyNy4wIJJjKgBIAVAD&rclk=1","2026-09-29T09:09:43.125Z"
"63","Lions Mane Whelping·Đường liên kết đã truy cập","5,0","2","Cơ sở chó giống","215 SW 15th Ave","","786-881-8686","","https://www.google.com/maps/place/Lions+Mane+Whelping/data=!4m7!3m6!1s0x88d9b740e5ced36f:0xc447b41c98409ea5!8m2!3d25.7710343!4d-80.2193062!16s%2Fg%2F11yn7jdcs_!19sChIJb9PO5UC32YgRpZ5AmBy0R8Q?authuser=0&hl=vi&g_ep=EgoyMDI2MDkyNy4wIJJjKgBIAVAD&rclk=1","2026-09-29T09:09:43.125Z"
"64","ParagonBlues Frenchies","4,9","61","Cơ sở chó giống","13818 SW 152nd St","","786-205-3038","https://paragonblues.com/","https://www.google.com/maps/place/ParagonBlues+Frenchies/data=!4m7!3m6!1s0x88d9c2304e23ddd7:0x83b55df1ad581b91!8m2!3d25.6258028!4d-80.4169032!16s%2Fg%2F11gbk3g226!19sChIJ190jTjDC2YgRkRtYrfFdtYM?authuser=0&hl=vi&g_ep=EgoyMDI2MDkyNy4wIJJjKgBIAVAD&rclk=1","2026-09-29T09:09:43.125Z"
"65","Bravo Kennel, LLC (Presa Canario Breeder)","4,4","27","Cơ sở chó giống","1132 US-17","","917-453-3226","http://bravokennel.com/","https://www.google.com/maps/place/Bravo+Kennel,+LLC+%28Presa+Canario+Breeder%29/data=!4m7!3m6!1s0x88e67bc9fd966ac7:0x41a26114de01e74a!8m2!3d29.7790089!4d-81.6414162!16s%2Fg%2F11gfjx3120!19sChIJx2qW_cl75ogRSucB3hRhokE?authuser=0&hl=vi&g_ep=EgoyMDI2MDkyNy4wIJJjKgBIAVAD&rclk=1","2026-09-29T09:09:43.125Z"
"66","DeLima'sRanch & Thor Legacy kennels","5,0","8","Cơ sở chó giống","8835 Purvis Rd","","954-439-8966","","https://www.google.com/maps/place/DeLima%27sRanch+%26+Thor+Legacy+kennels/data=!4m7!3m6!1s0x88dd2f35c5267f97:0x8d31d5b639672f5e!8m2!3d27.8661998!4d-82.0842475!16s%2Fg%2F11s4fgnbxc!19sChIJl38mxTUv3YgRXi9nObbVMY0?authuser=0&hl=vi&g_ep=EgoyMDI2MDkyNy4wIJJjKgBIAVAD&rclk=1","2026-09-29T09:09:43.125Z"
"67","French bulldog puppies for sale","5,0","2","Cơ sở chó giống","11th St","","","https://www.facebook.com/share/16EHQ7sgHy/?mibextid=wwXIfr","https://www.google.com/maps/place/French+bulldog+puppies+for+sale/data=!4m7!3m6!1s0x88d8d7006676ca87:0x893fec9dfcac8569!8m2!3d26.7235899!4d-80.0631958!16s%2Fg%2F11y12jx39l!19sChIJh8p2ZgDX2IgRaYWs_J3sP4k?authuser=0&hl=vi&g_ep=EgoyMDI2MDkyNy4wIJJjKgBIAVAD&rclk=1","2026-09-29T09:09:43.125Z"
"68","Elegy Kennels","4,3","11","Cơ sở chó giống","19065 Boyette Rd","","813-841-4512","https://elegykennels.com/","https://www.google.com/maps/place/Elegy+Kennels/data=!4m7!3m6!1s0x88dd2d73a14eb651:0x7455ffe9e13985d3!8m2!3d27.8497267!4d-82.1992274!16s%2Fg%2F11rrj63ndk!19sChIJUbZOoXMt3YgR04U54en_VXQ?authuser=0&hl=vi&g_ep=EgoyMDI2MDkyNy4wIJJjKgBIAVAD&rclk=1","2026-09-29T09:09:43.125Z"
"69","Breeder's Pick Orlando Inc.","4,0","540","Cửa hàng vật nuôi","1714 Riverside Dr","","407-207-0090","https://breederspickpup.com/","https://www.google.com/maps/place/Breeder%27s+Pick+Orlando+Inc./data=!4m7!3m6!1s0x88e7662e912a397b:0x7e5a55ec32bf940d!8m2!3d28.5940412!4d-80.804138!16s%2Fg%2F1tc_0bck!19sChIJezkqkS5m54gRDZS_MuxVWn4?authuser=0&hl=vi&g_ep=EgoyMDI2MDkyNy4wIJJjKgBIAVAD&rclk=1","2026-09-29T09:09:48.631Z"
"70","Glamorous Puppies","4,9","674","Cửa hàng vật nuôi","8150 SW 8th St ste 123","","305-915-8859","https://glamorouspuppies.com/","https://www.google.com/maps/place/Glamorous+Puppies/data=!4m7!3m6!1s0x88d9b8fc1f3eea37:0x1d11805835bf0416!8m2!3d25.7615121!4d-80.3277238!16s%2Fg%2F11dxs38vs6!19sChIJN-o-H_y42YgRFgS_NViAER0?authuser=0&hl=vi&g_ep=EgoyMDI2MDkyNy4wIJJjKgBIAVAD&rclk=1","2026-09-29T09:09:48.631Z"
"71","Non Shedding Dogs - Florida","4,5","8","Cơ sở chó giống","1019 Hilton Ln","","706-308-7800","http://www.myhavanesepuppy.com/","https://www.google.com/maps/place/Non+Shedding+Dogs+-+Florida/data=!4m7!3m6!1s0x88c28dda053dec1d:0x2e690cd8550568a3!8m2!3d28.1736672!4d-82.7634194!16s%2Fg%2F11vz1ly969!19sChIJHew9BdqNwogRo2gFVdgMaS4?authuser=0&hl=vi&g_ep=EgoyMDI2MDkyNy4wIJJjKgBIAVAD&rclk=1","2026-09-29T09:09:48.631Z"
"72","Vom Kirsys","4,8","85","Cơ sở chó giống","· Mở cửa lúc 8:00","","305-984-5053","http://www.vomkirsys.com/","https://www.google.com/maps/place/Vom+Kirsys/data=!4m7!3m6!1s0x88d9b902898ae765:0x5b051fd88a1a0a20!8m2!3d25.7464834!4d-80.4482804!16s%2Fg%2F1hhw70z8k!19sChIJZeeKiQK52YgRIAoaitgfBVs?authuser=0&hl=vi&g_ep=EgoyMDI2MDkyNy4wIJJjKgBIAVAD&rclk=1","2026-09-29T09:09:48.631Z"
"73","Royalworth Kennel","4,2","48","Cơ sở chó giống","4010 E Portland Ln","","352-464-8063","https://royalworthkennel.com/","https://www.google.com/maps/place/Royalworth+Kennel/data=!4m7!3m6!1s0x88e80e12b3ea9cbb:0x7f9074024e9ecfd3!8m2!3d28.72479!4d-82.367149!16s%2Fg%2F11clsjg17_!19sChIJu5zqsxIO6IgR08-eTgJ0kH8?authuser=0&hl=vi&g_ep=EgoyMDI2MDkyNy4wIJJjKgBIAVAD&rclk=1","2026-09-29T09:09:48.631Z"
"74","Dream Tails Boutique Sarasota","","","Cơ sở chó giống","(1.502)","","941-265-1487","https://www.dreamtailssarasota.com/?utm_source=GMBlisting&utm_medium=organic","https://www.google.com/maps/place/Dream+Tails+Boutique+Sarasota/data=!4m7!3m6!1s0x88c3475c656b0a47:0x92481f9433274028!8m2!3d27.390059!4d-82.5081816!16s%2Fg%2F1vfwdnf2!19sChIJRwprZVxHw4gRKEAnM5QfSJI?authuser=0&hl=vi&g_ep=EgoyMDI2MDkyNy4wIJJjKgBIAVAD&rclk=1","2026-09-29T09:09:48.631Z"
"75","Fancy Pets Planet Poodle Puppies From Europe","4,8","42","Cơ sở chó giống","19030 W Dixie Hwy #33180","","786-833-1403","https://fancypetsplanet.com/?utm_campaign=gmb","https://www.google.com/maps/place/Fancy+Pets+Planet+Poodle+Puppies+From+Europe/data=!4m7!3m6!1s0x88d9b6fa389088a7:0x4e1b624b0a4b4b37!8m2!3d25.9515506!4d-80.1492202!16s%2Fg%2F11x2yzn_vs!19sChIJp4iQOPq22YgRN0tLCktiG04?authuser=0&hl=vi&g_ep=EgoyMDI2MDkyNy4wIJJjKgBIAVAD&rclk=1","2026-09-29T09:09:48.631Z"
"76","Bryn Kennels","4,8","54","Cơ sở chó giống","834 Taylor Rd","","386-451-1071","https://www.brynkennel.com/","https://www.google.com/maps/place/Bryn+Kennels/data=!4m7!3m6!1s0x88e7278fbf8abd65:0xf676aa5de6976fcd!8m2!3d29.1063848!4d-81.0187993!16s%2Fg%2F1trxfj40!19sChIJZb2Kv48n54gRzW-X5l2qdvY?authuser=0&hl=vi&g_ep=EgoyMDI2MDkyNy4wIJJjKgBIAVAD&rclk=1","2026-09-29T09:09:48.631Z"
"77","Bokee Farm Puppies","5,0","48","Cơ sở chó giống","· Mở cửa lúc 9:00","","239-789-0054","https://bokeefarm.com/","https://www.google.com/maps/place/Bokee+Farm+Puppies/data=!4m7!3m6!1s0x1e2c1e5e684fdc3:0x4be728bc28d6746a!8m2!3d27.698638!4d-83.804601!16s%2Fg%2F11xdft6sn2!19sChIJw_2E5uXB4gERanTWKLwo50s?authuser=0&hl=vi&g_ep=EgoyMDI2MDkyNy4wIJJjKgBIAVAD&rclk=1","2026-09-29T09:09:53.471Z"
"78","Puppies by Z.","4,7","292","Cửa hàng vật nuôi","7902 NW 36th St Ste 9","","786-536-2430","https://puppiesbyz.com/","https://www.google.com/maps/place/Puppies+by+Z./data=!4m7!3m6!1s0x88d9b9d2564016db:0x4ee0ee5805714d6e!8m2!3d25.8084312!4d-80.3265858!16s%2Fg%2F11qg3pd7ry!19sChIJ2xZAVtK52YgRbk1xBVju4E4?authuser=0&hl=vi&g_ep=EgoyMDI2MDkyNy4wIJJjKgBIAVAD&rclk=1","2026-09-29T09:09:53.471Z"
"79","Lange's RELIC K9'S","4,8","6","Cơ sở chó giống","1280 War Eagle Blvd","","321-536-3007","https://www.langesrelick9s.com/","https://www.google.com/maps/place/Lange%27s+RELIC+K9%27S/data=!4m7!3m6!1s0x32e54895d0b319d:0xcd8080b00a90903a!8m2!3d28.6322161!4d-80.8542838!16s%2Fg%2F11kb1flvk2!19sChIJnTELXYlULgMROpCQCrCAgM0?authuser=0&hl=vi&g_ep=EgoyMDI2MDkyNy4wIJJjKgBIAVAD&rclk=1","2026-09-29T09:09:53.471Z"
"80","Pristine Frenchies - French Bulldog Puppies","4,9","58","Cơ sở chó giống","Đường đi","","239-682-2666","http://www.pristinefrenchies.com/","https://www.google.com/maps/place/Pristine+Frenchies+-+French+Bulldog+Puppies/data=!4m7!3m6!1s0x88db030060c89a67:0x79fe5b4db607f9c3!8m2!3d27.3466656!4d-81.499103!16s%2Fg%2F11g01_dt2w!19sChIJZ5rIYAAD24gRw_kHtk1b_nk?authuser=0&hl=vi&g_ep=EgoyMDI2MDkyNy4wIJJjKgBIAVAD&rclk=1","2026-09-29T09:09:53.471Z"
"81","Frenchies Love Home·Đường liên kết đã truy cập","5,0","1","Cơ sở chó giống","1545 NW 70th St","","812-208-0700","https://lovehomefrenchies.com/","https://www.google.com/maps/place/Frenchies+Love+Home/data=!4m7!3m6!1s0x89c7fdf7f8acecd5:0xa5698cec236225e5!8m2!3d25.8387057!4d-80.2242553!16s%2Fg%2F11nvhyp98d!19sChIJ1eys-Pf9x4kR5SViI-yMaaU?authuser=0&hl=vi&g_ep=EgoyMDI2MDkyNy4wIJJjKgBIAVAD&rclk=1","2026-09-29T09:09:57.083Z"
"82","Petland Largo","","","Cơ sở chó giống","(4.670)","","727-288-0777","https://www.petlandflorida.com/?utm_source=GMBlisting&utm_medium=organic","https://www.google.com/maps/place/Petland+Largo/data=!4m7!3m6!1s0x88c2fa5b7722ba99:0xeac4d0b594414713!8m2!3d27.8951195!4d-82.7816064!16s%2Fg%2F1tf5r08z!19sChIJmboid1v6wogRE0dBlLXQxOo?authuser=0&hl=vi&g_ep=EgoyMDI2MDkyNy4wIJJjKgBIAVAD&rclk=1","2026-09-29T09:09:57.083Z"
"83","La Historia Dogo Argentino Kennel Breeder","3,8","5","Cơ sở chó giống","Đường đi","","631-680-7347","http://www.argentine-dogo.com/","https://www.google.com/maps/place/La+Historia+Dogo+Argentino+Kennel+Breeder/data=!4m7!3m6!1s0x88db72510f33a7d1:0xe0a8b9307bd6b501!8m2!3d26.6073587!4d-81.6547611!16s%2Fg%2F1hdzcmb33!19sChIJ0aczD1Fy24gRAbXWezC5qOA?authuser=0&hl=vi&g_ep=EgoyMDI2MDkyNy4wIJJjKgBIAVAD&rclk=1","2026-09-29T09:09:57.083Z"
"84","Puppy Love Florida","5,0","21","Cơ sở chó giống","· Mở cửa lúc 8:00","","","http://www.puppylovefl.com/","https://www.google.com/maps/place/Puppy+Love+Florida/data=!4m7!3m6!1s0x88d9a16430a7da91:0xb7623883dd80b0e4!8m2!3d26.028076!4d-80.327627!16s%2Fg%2F11hkr9kz86!19sChIJkdqnMGSh2YgR5LCA3YM4Yrc?authuser=0&hl=vi&g_ep=EgoyMDI2MDkyNy4wIJJjKgBIAVAD&rclk=1","2026-09-29T09:09:57.083Z"
"85","Florida Cockapoo Puppies For Sale, New Litter Ready","4,4","45","Cơ sở chó giống","6150 S Lecanto Hwy","","352-560-8382","http://www.floridacockapoos.com/","https://www.google.com/maps/place/Florida+Cockapoo+Puppies+For+Sale,+New+Litter+Ready/data=!4m7!3m6!1s0x88e8130a8b66572b:0x82e2471e9fac3bbf!8m2!3d28.7733807!4d-82.453158!16s%2Fg%2F11h8f8j2xs!19sChIJK1dmiwoT6IgRvzusnx5H4oI?authuser=0&hl=vi&g_ep=EgoyMDI2MDkyNy4wIJJjKgBIAVAD&rclk=1","2026-09-29T09:09:57.084Z"
"86","Royalty Puppies","4,7","391","Cửa hàng vật nuôi","7272 SW 8th St","","786-803-8899","https://royaltypuppies.net/?utm_source=google&utm_medium=wix_google_business_profile&utm_campaign=14154584642993585323","https://www.google.com/maps/place/Royalty+Puppies/data=!4m7!3m6!1s0x88d9b99a179fabf5:0x22fb6c2cd5cab83a!8m2!3d25.7624505!4d-80.3132044!16s%2Fg%2F11gjxv4xd0!19sChIJ9aufF5q52YgROrjK1Sxs-yI?authuser=0&hl=vi&g_ep=EgoyMDI2MDkyNy4wIJJjKgBIAVAD&rclk=1","2026-09-29T09:09:57.084Z"
"87","World Famous Puppies","3,7","251","Cửa hàng vật nuôi","7870 NW 52nd St","","866-370-4177","","https://www.google.com/maps/place/World+Famous+Puppies/data=!4m7!3m6!1s0x88d9bb460778dbb7:0xefb529caf454714c!8m2!3d25.820816!4d-80.3246444!16s%2Fg%2F11pws8m9jl!19sChIJt9t4B0a72YgRTHFU9Mopte8?authuser=0&hl=vi&g_ep=EgoyMDI2MDkyNy4wIJJjKgBIAVAD&rclk=1","2026-09-29T09:09:57.084Z"
"88","Boggy Creek Bullmastiffs","5,0","39","Cơ sở chó giống","2620 Cahokia Ct","","407-319-1555","http://boggycreekbullmastiffs.jimdofree.com/","https://www.google.com/maps/place/Boggy+Creek+Bullmastiffs/data=!4m7!3m6!1s0x88dd891cb43b7b39:0x9c9ad651296e4c93!8m2!3d28.3245384!4d-81.3319007!16s%2Fg%2F11jlfzz194!19sChIJOXs7tByJ3YgRk0xuKVHWmpw?authuser=0&hl=vi&g_ep=EgoyMDI2MDkyNy4wIJJjKgBIAVAD&rclk=1","2026-09-29T09:09:57.084Z"
"89","Heavenly Puppies","4,8","425","Cửa hàng vật nuôi","301 N Federal Hwy","","561-395-8997","https://heavenlypuppy.com/","https://www.google.com/maps/place/Heavenly+Puppies/data=!4m7!3m6!1s0x88d8e21cb40c5687:0xf4f60aff870b4494!8m2!3d26.3535945!4d-80.0866665!16s%2Fg%2F1ptytdnj6!19sChIJh1YMtBzi2IgRlEQLh_8K9vQ?authuser=0&hl=vi&g_ep=EgoyMDI2MDkyNy4wIJJjKgBIAVAD&rclk=1","2026-09-29T09:10:00.709Z"
"90","Luxury Puppies","4,4","166","Cửa hàng vật nuôi","8981 SW 40th St","","786-803-8614","http://luxurypuppies.us/","https://www.google.com/maps/place/Luxury+Puppies/data=!4m7!3m6!1s0x88d9b89799e8d0eb:0x3b3f1ae491500c8b!8m2!3d25.7331874!4d-80.3415328!16s%2Fg%2F11df7hxlnx!19sChIJ69DomZe42YgRiwxQkeQaPzs?authuser=0&hl=vi&g_ep=EgoyMDI2MDkyNy4wIJJjKgBIAVAD&rclk=1","2026-09-29T09:10:00.709Z"
"91","Master Bulldogs Miami","4,7","13","Cơ sở chó giống","3551 SW 137th Ave","","712-638-5778","","https://www.google.com/maps/place/Master+Bulldogs+Miami/data=!4m7!3m6!1s0x88d9eb19b55914d5:0xfc264fcbc3a743b7!8m2!3d25.7353405!4d-80.4157227!16s%2Fg%2F11ftxcxkcd!19sChIJ1RRZtRnr2YgRt0Onw8tPJvw?authuser=0&hl=vi&g_ep=EgoyMDI2MDkyNy4wIJJjKgBIAVAD&rclk=1","2026-09-29T09:10:00.709Z"
"92","Dream Puppies","4,9","59","Cửa hàng vật nuôi","10869 SW 40th St","","786-618-8111","https://dreampuppies.pet/","https://www.google.com/maps/place/Dream+Puppies/data=!4m7!3m6!1s0x88d9bf7fca4dd751:0x963a8666d10e1cda!8m2!3d25.7326671!4d-80.3709324!16s%2Fg%2F11l6b82f53!19sChIJUddNyn-_2YgR2hwO0WaGOpY?authuser=0&hl=vi&g_ep=EgoyMDI2MDkyNy4wIJJjKgBIAVAD&rclk=1","2026-09-29T09:10:00.709Z"
"93","@GorgeousPuppies_ and @puppiesg_ (instagram)/puppies for sale in miami","4,0","188","Cơ sở chó giống","7931 SW 40th St Ste 27","","305-266-7324","https://gorgeouspuppiesandkittens.com/","https://www.google.com/maps/place/%27@GorgeousPuppies_+and+@puppiesg_+%28instagram%29%2Fpuppies+for+sale+in+miami%27/data=!4m7!3m6!1s0x88d9b862f6c43ca5:0xe6b25ddc91bc90ec!8m2!3d25.7338455!4d-80.3250096!16s%2Fg%2F12jm3x4fv!19sChIJpTzE9mK42YgR7JC8kdxdsuY?authuser=0&hl=vi&g_ep=EgoyMDI2MDkyNy4wIJJjKgBIAVAD&rclk=1","2026-09-29T09:10:00.709Z"
"94","Darling Doxie Dogs","4,2","20","Cơ sở chó giống","14441 SW 288th St","","305-297-2444","http://darlingdoxiedogs.com/","https://www.google.com/maps/place/Darling+Doxie+Dogs/data=!4m7!3m6!1s0x88d9ddbc49bc0a15:0xd094b379b94a7ff9!8m2!3d25.4997904!4d-80.4258139!16s%2Fg%2F11h08rfw9y!19sChIJFQq8Sbzd2YgR-X9KuXmzlNA?authuser=0&hl=vi&g_ep=EgoyMDI2MDkyNy4wIJJjKgBIAVAD&rclk=1","2026-09-29T09:10:00.709Z"
"95","Ovaeast Kennel Club & That Girls Pet Services","4,4","13","Cơ sở chó giống","105 E Robertson St","","813-360-4547","","https://www.google.com/maps/place/Ovaeast+Kennel+Club+%26+That+Girls+Pet+Services/data=!4m7!3m6!1s0x88c2cffd9c7e5cf3:0x2b60b37f330fc05f!8m2!3d27.935631!4d-82.2852833!16s%2Fg%2F11q9fx515z!19sChIJ81x-nP3PwogRX8APM3-zYCs?authuser=0&hl=vi&g_ep=EgoyMDI2MDkyNy4wIJJjKgBIAVAD&rclk=1","2026-09-29T09:10:00.709Z"
"96","Robin's Pups","5,0","90","Cơ sở chó giống","· Mở cửa lúc 9:00","","813-335-4728","https://robinspups.com/","https://www.google.com/maps/place/Robin%27s+Pups/data=!4m7!3m6!1s0x88c299646da8127f:0xbdfb18bd09d14ec!8m2!3d46.423669!4d-129.9427086!16s%2Fg%2F11j3923d0q!19sChIJfxKobWSZwogR7BSd0Iux3ws?authuser=0&hl=vi&g_ep=EgoyMDI2MDkyNy4wIJJjKgBIAVAD&rclk=1","2026-09-29T09:10:00.709Z"
"97","Wee Puppy Paws","4,4","97","Cơ sở chó giống","· Mở cửa lúc 9:00","","305-206-6894","http://www.weepuppypaws.com/","https://www.google.com/maps/place/Wee+Puppy+Paws/data=!4m7!3m6!1s0x88d9e6eddee075f5:0xb9bc57bf2e7f7572!8m2!3d46.423669!4d-129.9427086!16s%2Fg%2F11b7c13961!19sChIJ9XXg3u3m2YgRcnV_Lr9XvLk?authuser=0&hl=vi&g_ep=EgoyMDI2MDkyNy4wIJJjKgBIAVAD&rclk=1","2026-09-29T09:10:05.546Z"
"98","King Built Bullies","4,6","8","Cơ sở chó giống","1812 W 1st St","","","https://www.kingbuiltbullies.com/","https://www.google.com/maps/place/King+Built+Bullies/data=!4m7!3m6!1s0xa6ba4a720ea184f5:0x2d4f191593f29f75!8m2!3d28.8118471!4d-81.2874756!16s%2Fg%2F11q4h0j86v!19sChIJ9YShDnJKuqYRdZ_ykxUZTy0?authuser=0&hl=vi&g_ep=EgoyMDI2MDkyNy4wIJJjKgBIAVAD&rclk=1","2026-09-29T09:10:05.546Z"
"99","Gulf Coast Breeding Services","4,2","5","Cơ sở chó giống","9001 Palomino Oaks Dr","","239-834-2656","http://gulfcoastcorso.com/","https://www.google.com/maps/place/Gulf+Coast+Breeding+Services/data=!4m7!3m6!1s0x88db6b34733b0967:0xa11c1940bcf3d616!8m2!3d26.565213!4d-81.8059963!16s%2Fg%2F11cncv84wz!19sChIJZwk7czRr24gRFtbzvEAZHKE?authuser=0&hl=vi&g_ep=EgoyMDI2MDkyNy4wIJJjKgBIAVAD&rclk=1","2026-09-29T09:10:05.546Z"
"100","Puppy Mansion | Puppies in Miami | Premier Puppy Store","4,8","206","Cửa hàng vật nuôi","15535 SW 120th St Unit 2","","305-338-3774","https://www.puppymansionmiami.com/","https://www.google.com/maps/place/Puppy+Mansion+%7C+Puppies+in+Miami+%7C+Premier+Puppy+Store/data=!4m7!3m6!1s0x88d9c1b93173420d:0xa671e32d59e811f!8m2!3d25.6555299!4d-80.4478304!16s%2Fg%2F11vs99zl0s!19sChIJDUJzMbnB2YgRH4Ge1TIeZwo?authuser=0&hl=vi&g_ep=EgoyMDI2MDkyNy4wIJJjKgBIAVAD&rclk=1","2026-09-29T09:10:05.546Z"
"101","Denimay Shih Tzu","4,8","77","Cơ sở chó giống","· Mở cửa lúc 13:30","","305-799-7000","http://www.denimayshihtzu.com/","https://www.google.com/maps/place/Denimay+Shih+Tzu/data=!4m7!3m6!1s0x88d9bf05aaaaaaab:0x96d5c9a6d3d1813e!8m2!3d25.7597849!4d-80.424854!16s%2Fg%2F1tv24ywx!19sChIJq6qqqgW_2YgRPoHR06bJ1ZY?authuser=0&hl=vi&g_ep=EgoyMDI2MDkyNy4wIJJjKgBIAVAD&rclk=1","2026-09-29T09:10:09.168Z"
"102","RYNDAL & CO. German Shepherds and English Cocker Spaniels","4,9","34","Cơ sở chó giống","Đường đi","","863-229-6032","https://www.ryndalco.com/","https://www.google.com/maps/place/RYNDAL+%26+CO.+German+Shepherds+and+English+Cocker+Spaniels/data=!4m7!3m6!1s0x88dd6d38f1867803:0x8642277b1c7ef7a0!8m2!3d46.423669!4d-129.9427086!16s%2Fg%2F11r_bjtpj7!19sChIJA3iG8Tht3YgRoPd-HHsnQoY?authuser=0&hl=vi&g_ep=EgoyMDI2MDkyNy4wIJJjKgBIAVAD&rclk=1","2026-09-29T09:10:09.168Z"
"103","Miami Blue French bulldogs","4,9","74","Cơ sở chó giống","Đường đi","","305-505-1500","http://miamibluefrenchbulldogs.com/","https://www.google.com/maps/place/Miami+Blue+French+bulldogs/data=!4m7!3m6!1s0x88d9c73be2f7b02d:0x972dd2882b3d7afc!8m2!3d46.423669!4d-129.9427086!16s%2Fg%2F11g02w7wyh!19sChIJLbD34jvH2YgR_Ho9K4jSLZc?authuser=0&hl=vi&g_ep=EgoyMDI2MDkyNy4wIJJjKgBIAVAD&rclk=1","2026-09-29T09:10:09.168Z"
"104","Puppies St Pete","4,2","678","Cơ sở chó giống","8240 Ulmerton Rd","","727-617-4800","https://puppiesstpete.com/?utm_source=GMBlisting&utm_medium=organic","https://www.google.com/maps/place/Puppies+St+Pete/data=!4m7!3m6!1s0x88c2fac113c469f3:0xd4919b8a6e2afd31!8m2!3d27.8936851!4d-82.7525397!16s%2Fg%2F11b5ys4cly!19sChIJ82nEE8H6wogRMf0qboqbkdQ?authuser=0&hl=vi&g_ep=EgoyMDI2MDkyNy4wIJJjKgBIAVAD&rclk=1","2026-09-29T09:10:09.168Z"
"105","Waggs to Riches","4,6","407","Cơ sở chó giống","3200 N Federal Hwy #105","","561-861-1708","https://waggstoriches.com/?utm_source=GMBlisting&utm_medium=organic","https://www.google.com/maps/place/Waggs+to+Riches/data=!4m7!3m6!1s0x88d8e19554cbbc4b:0xafb2fdd9feccaa56!8m2!3d26.3805551!4d-80.0759474!16s%2Fg%2F11dftj6ljy!19sChIJS7zLVJXh2IgRVqrM_tn9sq8?authuser=0&hl=vi&g_ep=EgoyMDI2MDkyNy4wIJJjKgBIAVAD&rclk=1","2026-09-29T09:10:09.168Z"
"106","Maximus Golden","4,7","77","Cơ sở chó giống","· Mở cửa lúc 9:00","","305-815-9351","http://maximusgolden.com/","https://www.google.com/maps/place/Maximus+Golden/data=!4m7!3m6!1s0x88d9c1a844c6b47b:0x426c123e2a5e6565!8m2!3d46.423669!4d-129.9427086!16s%2Fg%2F11cn6fcy0m!19sChIJe7TGRKjB2YgRZWVeKj4SbEI?authuser=0&hl=vi&g_ep=EgoyMDI2MDkyNy4wIJJjKgBIAVAD&rclk=1","2026-09-29T09:10:09.168Z"
"107","Dachshund Puppies For Adoption Florida","5,0","9","Cửa hàng vật nuôi","1501 W Commerce Ave","","925-644-8264","https://adoptdachshundpuppies.com/available-puppies/","https://www.google.com/maps/place/Dachshund+Puppies+For+Adoption+Florida/data=!4m7!3m6!1s0x88dd734e82d32467:0xaf891259123f3b9d!8m2!3d28.1170105!4d-81.6460987!16s%2Fg%2F11zwwrn5ts!19sChIJZyTTgk5z3YgRnTs_ElkSia8?authuser=0&hl=vi&g_ep=EgoyMDI2MDkyNy4wIJJjKgBIAVAD&rclk=1","2026-09-29T09:10:09.168Z"
"108","Palm Beach K9 Reproduction·Đường liên kết đã truy cập","5,0","11","Cơ sở chó giống","Palm Beach K9 Reproduction","","954-304-5822","https://palmbeachk9repro.com/","https://www.google.com/maps/place/Palm+Beach+K9+Reproduction/data=!4m7!3m6!1s0x88d8e313c08b81b9:0x908d0aa9c767b2bb!8m2!3d26.3399412!4d-80.090246!16s%2Fg%2F11ydlvzz1g!19sChIJuYGLwBPj2IgRu7Jnx6kKjZA?authuser=0&hl=vi&g_ep=EgoyMDI2MDkyNy4wIJJjKgBIAVAD&rclk=1","2026-09-29T09:10:09.168Z"
"109","Poodles of Tampa Bay","4,8","44","Cơ sở chó giống","Đường đi","","813-766-1126","http://www.poodlesoftampabay.com/","https://www.google.com/maps/place/Poodles+of+Tampa+Bay/data=!4m7!3m6!1s0x88c2eb5102252ed7:0x20a3384360cc0ea5!8m2!3d46.423669!4d-129.9427086!16s%2Fg%2F11h4r_qg17!19sChIJ1y4lAlHrwogRpQ7MYEM4oyA?authuser=0&hl=vi&g_ep=EgoyMDI2MDkyNy4wIJJjKgBIAVAD&rclk=1","2026-09-29T09:10:12.808Z"
"110","Puppies To Go","4,2","478","Cửa hàng vật nuôi","7335 SW 8th St","","305-262-7310","http://www.puppiestogoinc.com/","https://www.google.com/maps/place/Puppies+To+Go/data=!4m7!3m6!1s0x88d9b853132a7881:0xa2cfd1e158f40dc8!8m2!3d25.7632174!4d-80.3143543!16s%2Fg%2F1thvthn8!19sChIJgXgqE1O42YgRyA30WOHRz6I?authuser=0&hl=vi&g_ep=EgoyMDI2MDkyNy4wIJJjKgBIAVAD&rclk=1","2026-09-29T09:10:12.808Z"
"111","Hairy's Puppies World - Miami Puppy Store","4,5","491","Cửa hàng vật nuôi","9690 NW 41st St Unit 5","","305-392-3101","https://miami.hairyspuppies.us/","https://www.google.com/maps/place/Hairy%27s+Puppies+World+-+Miami+Puppy+Store/data=!4m7!3m6!1s0x88d9b959af18a40d:0xd6143493d7290f44!8m2!3d25.8111624!4d-80.3524333!16s%2Fg%2F1ptwktq2l!19sChIJDaQYr1m52YgRRA8p15M0FNY?authuser=0&hl=vi&g_ep=EgoyMDI2MDkyNy4wIJJjKgBIAVAD&rclk=1","2026-09-29T09:10:12.808Z"
"112","Nova’s Royal Pets Corp.Frenchies & Maine Coons","4,6","177","Cơ sở chó giống","1045 Oakvale Rd","","904-616-2706","http://www.novaspets.com/?utm_source=google&utm_medium=wix_google_business_profile&utm_campaign=13448923851509509116","https://www.google.com/maps/place/Nova%E2%80%99s+Royal+Pets+Corp.Frenchies+%26+Maine+Coons/data=!4m7!3m6!1s0x88e5dc518abbdce5:0xdfeddc9b61e416f6!8m2!3d30.1110636!4d-81.642101!16s%2Fg%2F11c3vjthwx!19sChIJ5dy7ilHc5YgR9hbkYZvc7d8?authuser=0&hl=vi&g_ep=EgoyMDI2MDkyNy4wIJJjKgBIAVAD&rclk=1","2026-09-29T09:10:12.808Z"
"113","Daisy Teacup Poodles","4,0","21","Cơ sở chó giống","Đường đi","","305-890-0228","https://royalcreektoypoodles.com/","https://www.google.com/maps/place/Daisy+Teacup+Poodles/data=!4m7!3m6!1s0x88d9b6ad3afc2f2d:0xdfd4e8943258fd2!8m2!3d25.4687224!4d-80.4775569!16s%2Fg%2F1hc11s4j9!19sChIJLS_8Oq222YgR0o8lQ4lO_Q0?authuser=0&hl=vi&g_ep=EgoyMDI2MDkyNy4wIJJjKgBIAVAD&rclk=1","2026-09-29T09:10:12.808Z"
"114","Bundle of Joy Doodles","5,0","33","Cơ sở chó giống","· Mở cửa lúc 9:00","","813-364-2646","https://www.bundleofjoydoodles.com/","https://www.google.com/maps/place/Bundle+of+Joy+Doodles/data=!4m7!3m6!1s0x88c2bdae45029ff5:0x70836637baa1f33f!8m2!3d27.698638!4d-83.804601!16s%2Fg%2F11sb53vf63!19sChIJ9Z8CRa69wogRP_Ohujdmg3A?authuser=0&hl=vi&g_ep=EgoyMDI2MDkyNy4wIJJjKgBIAVAD&rclk=1","2026-09-29T09:10:12.808Z"
"115","Royal Cachorritos / Puppies / Puppy","4,7","38","Cửa hàng vật nuôi","13621 SW 26th St","","305-849-6565","https://www.royalcachorritos.com/","https://www.google.com/maps/place/Royal+Cachorritos+%2F+Puppies+%2F+Puppy/data=!4m7!3m6!1s0x88d9bf824fbf3085:0x5a6e2cd4dbb95d21!8m2!3d25.7442243!4d-80.4154914!16s%2Fg%2F11tp0725jt!19sChIJhTC_T4K_2YgRIV2529Qsblo?authuser=0&hl=vi&g_ep=EgoyMDI2MDkyNy4wIJJjKgBIAVAD&rclk=1","2026-09-29T09:10:12.808Z"
"116","Blessed Bichons","4,9","36","Cơ sở chó giống","· Mở cửa lúc 10:00","","352-217-3833","http://www.theblessedbichons.com/","https://www.google.com/maps/place/Blessed+Bichons/data=!4m7!3m6!1s0x88e78f145dd14f25:0xb57520495de710e7!8m2!3d27.698638!4d-83.804601!16s%2Fg%2F11h5s4k2kh!19sChIJJU_RXRSP54gR5xDnXUkgdbU?authuser=0&hl=vi&g_ep=EgoyMDI2MDkyNy4wIJJjKgBIAVAD&rclk=1","2026-09-29T09:10:12.808Z"
"117","Sakura Poodles","5,0","28","Cơ sở chó giống","Đường đi","","786-473-3720","https://www.sakurapoodles.com/","https://www.google.com/maps/place/Sakura+Poodles/data=!4m7!3m6!1s0x26a8f33a9fff2803:0x361be57cb67cce0e!8m2!3d27.698638!4d-83.804601!16s%2Fg%2F11q4k47cql!19sChIJAyj_nzrzqCYRDs58tnzlGzY?authuser=0&hl=vi&g_ep=EgoyMDI2MDkyNy4wIJJjKgBIAVAD&rclk=1","2026-09-29T09:10:17.643Z"
"118","Apple Head Chihuahua Puppies |@WorldClassChihuahuas","4,1","8","Cơ sở chó giống","62 NE 165th St","","","http://www.worldclasschihuahuas.com/","https://www.google.com/maps/place/Apple+Head+Chihuahua+Puppies+%7C@WorldClassChihuahuas/data=!4m7!3m6!1s0x88d9af2d47114c95:0xaea036ea88b14263!8m2!3d25.9261451!4d-80.1982722!16s%2Fg%2F11kn2p_x9n!19sChIJlUwRRy2v2YgRY0KxiOo2oK4?authuser=0&hl=vi&g_ep=EgoyMDI2MDkyNy4wIJJjKgBIAVAD&rclk=1","2026-09-29T09:10:17.643Z"
"119","Gladiator Bullies","4,4","13","Cơ sở chó giống","13340 SW 32nd St","","786-306-1563","https://ottantamericanbullies.com/","https://www.google.com/maps/place/Gladiator+Bullies/data=!4m7!3m6!1s0x88d9bfe78bab157b:0xb06f6c472fd59c9f!8m2!3d25.7392484!4d-80.3836914!16s%2Fg%2F11rg2p9g2c!19sChIJexWri-e_2YgRn5zVL0dsb7A?authuser=0&hl=vi&g_ep=EgoyMDI2MDkyNy4wIJJjKgBIAVAD&rclk=1","2026-09-29T09:10:17.643Z"
"120","Bff Puppies","","","Cửa hàng vật nuôi","(1.398)","","904-644-8125","http://bestfriendsforeverpuppies.com/","https://www.google.com/maps/place/Bff+Puppies/data=!4m7!3m6!1s0x88e5c662d4053873:0x96476f60469505e0!8m2!3d30.1851129!4d-81.7354152!16s%2Fg%2F11f4pc0zpb!19sChIJczgF1GLG5YgR4AWVRmBvR5Y?authuser=0&hl=vi&g_ep=EgoyMDI2MDkyNy4wIJJjKgBIAVAD&rclk=1","2026-09-29T09:10:17.643Z"